timestamp,temperature,humidity
11/1/2025 0:00,82.3,78.91
11/1/2025 0:15,82.275,78.97749999999999
11/1/2025 0:30,82.25,79.045
11/1/2025 0:45,82.225,79.11250000000001
11/1/2025 1:00,82.2,79.18
11/1/2025 1:15,82.175,79.2475
11/1/2025 1:30,82.15,79.315
11/1/2025 1:45,82.125,79.38250000000001
11/1/2025 2:00,82.1,79.45
11/1/2025 2:15,82.05,79.58500000000001
11/1/2025 2:30,82,79.72
11/1/2025 2:45,81.95,79.85499999999999
11/1/2025 3:00,81.9,79.99
11/1/2025 3:15,81.47500000000001,79.96
11/1/2025 3:30,81.05000000000001,79.93
11/1/2025 3:45,80.625,79.9
11/1/2025 4:00,80.2,79.87
11/1/2025 4:15,80.15,81.075
11/1/2025 4:30,80.1,82.28
11/1/2025 4:45,80.05,83.485
11/1/2025 5:00,80,84.69
11/1/2025 5:15,80.1,83.41749999999999
11/1/2025 5:30,80.2,82.145
11/1/2025 5:45,80.30000000000001,80.8725
11/1/2025 6:00,80.4,79.6
11/1/2025 6:15,80.025,80.5925
11/1/2025 6:30,79.65,81.585
11/1/2025 6:45,79.275,82.57749999999999
11/1/2025 7:00,78.9,83.57
11/1/2025 7:15,79.30000000000001,83.66749999999999
11/1/2025 7:30,79.7,83.76499999999999
11/1/2025 7:45,80.1,83.8625
11/1/2025 8:00,80.5,83.96
11/1/2025 8:15,81.325,83.005
11/1/2025 8:30,82.15,82.05
11/1/2025 8:45,82.975,81.095
11/1/2025 9:00,83.8,80.14
11/1/2025 9:15,84.3,77.92
11/1/2025 9:30,84.8,75.7
11/1/2025 9:45,85.3,73.48
11/1/2025 10:00,85.8,71.26
11/1/2025 10:15,85.8,71.1975
11/1/2025 10:30,85.8,71.135
11/1/2025 10:45,85.8,71.0725
11/1/2025 11:00,85.8,71.01
11/1/2025 11:15,86.15,70.305
11/1/2025 11:30,86.5,69.6
11/1/2025 11:45,86.85,68.895
11/1/2025 12:00,87.2,68.19
11/1/2025 12:15,86.925,68.72
11/1/2025 12:30,86.65,69.25
11/1/2025 12:45,86.375,69.78
11/1/2025 13:00,86.1,70.31
11/1/2025 13:15,86.52499999999999,69.3275
11/1/2025 13:30,86.94999999999999,68.345
11/1/2025 13:45,87.375,67.3625
11/1/2025 14:00,87.8,66.38
11/1/2025 14:15,88.65,64.69999999999999
11/1/2025 14:30,89.5,63.019999999999996
11/1/2025 14:45,90.35,61.339999999999996
11/1/2025 15:00,91.2,59.66
11/1/2025 15:15,91.25,59.5625
11/1/2025 15:30,91.30000000000001,59.465
11/1/2025 15:45,91.35000000000001,59.3675
11/1/2025 16:00,91.4,59.27
11/1/2025 16:15,91.35000000000001,58.595
11/1/2025 16:30,91.30000000000001,57.92
11/1/2025 16:45,91.25,57.245000000000005
11/1/2025 17:00,91.2,56.57
11/1/2025 17:15,91.125,56.7575
11/1/2025 17:30,91.05000000000001,56.945
11/1/2025 17:45,90.97500000000001,57.1325
11/1/2025 18:00,90.9,57.32
11/1/2025 18:15,90.4,58.31
11/1/2025 18:30,89.9,59.3
11/1/2025 18:45,89.4,60.29
11/1/2025 19:00,88.9,61.28
11/1/2025 19:15,88.47500000000001,63.0075
11/1/2025 19:30,88.05000000000001,64.735
11/1/2025 19:45,87.625,66.4625
11/1/2025 20:00,87.2,68.19
11/1/2025 20:15,86.825,68.03
11/1/2025 20:30,86.45,67.87
11/1/2025 20:45,86.075,67.71
11/1/2025 21:00,85.7,67.55
11/1/2025 21:15,85.725,68.47749999999999
11/1/2025 21:30,85.75,69.405
11/1/2025 21:45,85.775,70.33250000000001
11/1/2025 22:00,85.8,71.26
11/1/2025 22:15,85.4,72.1925
11/1/2025 22:30,85,73.125
11/1/2025 22:45,84.6,74.0575
11/1/2025 23:00,84.2,74.99
11/1/2025 23:15,83.75,76.04249999999999
11/1/2025 23:30,83.30000000000001,77.095
11/1/2025 23:45,82.85000000000001,78.14750000000001
11/2/2025 0:00,82.4,79.2
11/2/2025 0:15,82.375,79.33500000000001
11/2/2025 0:30,82.35,79.47
11/2/2025 0:45,82.325,79.60499999999999
11/2/2025 1:00,82.3,79.74
11/2/2025 1:15,82.225,79.945
11/2/2025 1:30,82.15,80.15
11/2/2025 1:45,82.075,80.355
11/2/2025 2:00,82,80.56
11/2/2025 2:15,82,80.56
11/2/2025 2:30,82,80.56
11/2/2025 2:45,82,80.56
11/2/2025 3:00,82,80.56
11/2/2025 3:15,81.625,81.5575
11/2/2025 3:30,81.25,82.555
11/2/2025 3:45,80.875,83.5525
11/2/2025 4:00,80.5,84.55
11/2/2025 4:15,80.5,84.55
11/2/2025 4:30,80.5,84.55
11/2/2025 4:45,80.5,84.55
11/2/2025 5:00,80.5,84.55
11/2/2025 5:15,80.475,84.6225
11/2/2025 5:30,80.45,84.695
11/2/2025 5:45,80.42500000000001,84.7675
11/2/2025 6:00,80.4,84.84
11/2/2025 6:15,80.42500000000001,84.69500000000001
11/2/2025 6:30,80.45,84.55000000000001
11/2/2025 6:45,80.475,84.405
11/2/2025 7:00,80.5,84.26
11/2/2025 7:15,80.55,84.19
11/2/2025 7:30,80.6,84.12
11/2/2025 7:45,80.65,84.05000000000001
11/2/2025 8:00,80.7,83.98
11/2/2025 8:15,81.625,80.58
11/2/2025 8:30,82.55000000000001,77.18
11/2/2025 8:45,83.47500000000001,73.78
11/2/2025 9:00,84.4,70.38
11/2/2025 9:15,85.2,70.645
11/2/2025 9:30,86,70.91
11/2/2025 9:45,86.8,71.175
11/2/2025 10:00,87.6,71.44
11/2/2025 10:15,88.02499999999999,70.3925
11/2/2025 10:30,88.44999999999999,69.345
11/2/2025 10:45,88.875,68.2975
11/2/2025 11:00,89.3,67.25
11/2/2025 11:15,89.725,65.6075
11/2/2025 11:30,90.15,63.965
11/2/2025 11:45,90.575,62.3225
11/2/2025 12:00,91,60.68
11/2/2025 12:15,90.075,63.36
11/2/2025 12:30,89.15,66.04
11/2/2025 12:45,88.225,68.72
11/2/2025 13:00,87.3,71.4
11/2/2025 13:15,86.425,73.5125
11/2/2025 13:30,85.55,75.625
11/2/2025 13:45,84.675,77.7375
11/2/2025 14:00,83.8,79.85
11/2/2025 14:15,85,78.02
11/2/2025 14:30,86.19999999999999,76.19
11/2/2025 14:45,87.39999999999999,74.36
11/2/2025 15:00,88.6,72.53
11/2/2025 15:15,89,70.7075
11/2/2025 15:30,89.4,68.88499999999999
11/2/2025 15:45,89.8,67.0625
11/2/2025 16:00,90.2,65.24
11/2/2025 16:15,89.85,65.255
11/2/2025 16:30,89.5,65.27
11/2/2025 16:45,89.15,65.285
11/2/2025 17:00,88.8,65.3
11/2/2025 17:15,88.4,67.07249999999999
11/2/2025 17:30,88,68.845
11/2/2025 17:45,87.6,70.6175
11/2/2025 18:00,87.2,72.39
11/2/2025 18:15,86.75,73.46000000000001
11/2/2025 18:30,86.30000000000001,74.53
11/2/2025 18:45,85.85000000000001,75.6
11/2/2025 19:00,85.4,76.67
11/2/2025 19:15,85.45,76.41
11/2/2025 19:30,85.5,76.15
11/2/2025 19:45,85.55,75.89
11/2/2025 20:00,85.6,75.63
11/2/2025 20:15,85.19999999999999,76.62
11/2/2025 20:30,84.8,77.61
11/2/2025 20:45,84.4,78.6
11/2/2025 21:00,84,79.59
11/2/2025 21:15,84,79.59
11/2/2025 21:30,84,79.59
11/2/2025 21:45,84,79.59
11/2/2025 22:00,84,79.59
11/2/2025 22:15,83.95,80.805
11/2/2025 22:30,83.9,82.02000000000001
11/2/2025 22:45,83.85,83.235
11/2/2025 23:00,83.8,84.45
11/2/2025 23:15,83.8,83.2325
11/2/2025 23:30,83.8,82.015
11/2/2025 23:45,83.8,80.7975
11/3/2025 0:00,83.8,79.58
11/3/2025 0:15,83.375,80.845
11/3/2025 0:30,82.94999999999999,82.11
11/3/2025 0:45,82.52499999999999,83.375
11/3/2025 1:00,82.1,84.64
11/3/2025 1:15,82.07499999999999,84.5675
11/3/2025 1:30,82.05,84.495
11/3/2025 1:45,82.025,84.4225
11/3/2025 2:00,82,84.35
11/3/2025 2:15,81.5,84.54249999999999
11/3/2025 2:30,81,84.735
11/3/2025 2:45,80.5,84.92750000000001
11/3/2025 3:00,80,85.12
11/3/2025 3:15,79.6,86.18
11/3/2025 3:30,79.2,87.24000000000001
11/3/2025 3:45,78.80000000000001,88.3
11/3/2025 4:00,78.4,89.36
11/3/2025 4:15,78,90.5675
11/3/2025 4:30,77.6,91.775
11/3/2025 4:45,77.2,92.9825
11/3/2025 5:00,76.8,94.19
11/3/2025 5:15,76.8,92.9675
11/3/2025 5:30,76.8,91.745
11/3/2025 5:45,76.8,90.5225
11/3/2025 6:00,76.8,89.3
11/3/2025 6:15,76.8,90.5225
11/3/2025 6:30,76.8,91.745
11/3/2025 6:45,76.8,92.9675
11/3/2025 7:00,76.8,94.19
11/3/2025 7:15,76.85,94.19
11/3/2025 7:30,76.9,94.19
11/3/2025 7:45,76.95,94.19
11/3/2025 8:00,77,94.19
11/3/2025 8:15,77.9,91.5625
11/3/2025 8:30,78.8,88.935
11/3/2025 8:45,79.69999999999999,86.3075
11/3/2025 9:00,80.6,83.68
11/3/2025 9:15,81.52499999999999,82.3225
11/3/2025 9:30,82.44999999999999,80.965
11/3/2025 9:45,83.375,79.6075
11/3/2025 10:00,84.3,78.25
11/3/2025 10:15,85.175,75.4
11/3/2025 10:30,86.05,72.55
11/3/2025 10:45,86.925,69.69999999999999
11/3/2025 11:00,87.8,66.85
11/3/2025 11:15,87.8,66.85
11/3/2025 11:30,87.8,66.85
11/3/2025 11:45,87.8,66.85
11/3/2025 12:00,87.8,66.85
11/3/2025 12:15,88.2,65.1
11/3/2025 12:30,88.6,63.349999999999994
11/3/2025 12:45,89,61.6
11/3/2025 13:00,89.4,59.85
11/3/2025 13:15,90.05000000000001,59.510000000000005
11/3/2025 13:30,90.7,59.17
11/3/2025 13:45,91.35,58.83
11/3/2025 14:00,92,58.49
11/3/2025 14:15,92,57.8325
11/3/2025 14:30,92,57.175
11/3/2025 14:45,92,56.5175
11/3/2025 15:00,92,55.86
11/3/2025 15:15,91.65,57.32
11/3/2025 15:30,91.3,58.78
11/3/2025 15:45,90.94999999999999,60.24
11/3/2025 16:00,90.6,61.7
11/3/2025 16:15,90.6,61.6475
11/3/2025 16:30,90.6,61.595
11/3/2025 16:45,90.6,61.542500000000004
11/3/2025 17:00,90.6,61.49
11/3/2025 17:15,89.8,62.175000000000004
11/3/2025 17:30,89,62.86
11/3/2025 17:45,88.2,63.545
11/3/2025 18:00,87.4,64.23
11/3/2025 18:15,86.92500000000001,66.1675
11/3/2025 18:30,86.45,68.105
11/3/2025 18:45,85.975,70.0425
11/3/2025 19:00,85.5,71.98
11/3/2025 19:15,85.05,74.08500000000001
11/3/2025 19:30,84.6,76.19
11/3/2025 19:45,84.15,78.295
11/3/2025 20:00,83.7,80.4
11/3/2025 20:15,83.675,80.4675
11/3/2025 20:30,83.65,80.535
11/3/2025 20:45,83.625,80.6025
11/3/2025 21:00,83.6,80.67
11/3/2025 21:15,83.6,80.67
11/3/2025 21:30,83.6,80.67
11/3/2025 21:45,83.6,80.67
11/3/2025 22:00,83.6,80.67
11/3/2025 22:15,83.6,80.67
11/3/2025 22:30,83.6,80.67
11/3/2025 22:45,83.6,80.67
11/3/2025 23:00,83.6,80.67
11/3/2025 23:15,83.64999999999999,80.535
11/3/2025 23:30,83.69999999999999,80.4
11/3/2025 23:45,83.75,80.265
11/4/2025 0:00,83.8,80.13
11/4/2025 0:15,83.4,80.1
11/4/2025 0:30,83,80.07
11/4/2025 0:45,82.6,80.04
11/4/2025 1:00,82.2,80.01
11/4/2025 1:15,82.2,80.01
11/4/2025 1:30,82.2,80.01
11/4/2025 1:45,82.2,80.01
11/4/2025 2:00,82.2,80.01
11/4/2025 2:15,82.15,80.14750000000001
11/4/2025 2:30,82.1,80.285
11/4/2025 2:45,82.05,80.4225
11/4/2025 3:00,82,80.56
11/4/2025 3:15,81.575,81.555
11/4/2025 3:30,81.15,82.55000000000001
11/4/2025 3:45,80.725,83.545
11/4/2025 4:00,80.3,84.54
11/4/2025 4:15,80.3,84.54
11/4/2025 4:30,80.3,84.54
11/4/2025 4:45,80.3,84.54
11/4/2025 5:00,80.3,84.54
11/4/2025 5:15,79.875,85.595
11/4/2025 5:30,79.44999999999999,86.65
11/4/2025 5:45,79.02499999999999,87.70500000000001
11/4/2025 6:00,78.6,88.76
11/4/2025 6:15,78.55,88.67750000000001
11/4/2025 6:30,78.5,88.595
11/4/2025 6:45,78.45,88.5125
11/4/2025 7:00,78.4,88.43
11/4/2025 7:15,78.85000000000001,87.23500000000001
11/4/2025 7:30,79.30000000000001,86.04
11/4/2025 7:45,79.75,84.845
11/4/2025 8:00,80.2,83.65
11/4/2025 8:15,81.1,81.5425
11/4/2025 8:30,82,79.435
11/4/2025 8:45,82.9,77.3275
11/4/2025 9:00,83.8,75.22
11/4/2025 9:15,83.85,74.06
11/4/2025 9:30,83.9,72.9
11/4/2025 9:45,83.95,71.74
11/4/2025 10:00,84,70.58
11/4/2025 10:15,82.35,74.8775
11/4/2025 10:30,80.7,79.175
11/4/2025 10:45,79.05000000000001,83.4725
11/4/2025 11:00,77.4,87.77
11/4/2025 11:15,78.67500000000001,85.15
11/4/2025 11:30,79.95,82.53
11/4/2025 11:45,81.225,79.91
11/4/2025 12:00,82.5,77.29
11/4/2025 12:15,84.15,72.87
11/4/2025 12:30,85.8,68.45
11/4/2025 12:45,87.44999999999999,64.03
11/4/2025 13:00,89.1,59.61
11/4/2025 13:15,89.6,59.567499999999995
11/4/2025 13:30,90.1,59.525
11/4/2025 13:45,90.6,59.4825
11/4/2025 14:00,91.1,59.44
11/4/2025 14:15,91.52499999999999,58.8225
11/4/2025 14:30,91.94999999999999,58.205
11/4/2025 14:45,92.375,57.5875
11/4/2025 15:00,92.8,56.97
11/4/2025 15:15,92.35,58.6675
11/4/2025 15:30,91.9,60.364999999999995
11/4/2025 15:45,91.45,62.0625
11/4/2025 16:00,91,63.76
11/4/2025 16:15,90.175,64.58749999999999
11/4/2025 16:30,89.35,65.41499999999999
11/4/2025 16:45,88.525,66.24249999999999
11/4/2025 17:00,87.7,67.07
11/4/2025 17:15,87.675,67.0675
11/4/2025 17:30,87.65,67.065
11/4/2025 17:45,87.625,67.0625
11/4/2025 18:00,87.6,67.06
11/4/2025 18:15,87.52499999999999,66.2925
11/4/2025 18:30,87.44999999999999,65.525
11/4/2025 18:45,87.375,64.75750000000001
11/4/2025 19:00,87.3,63.99
11/4/2025 19:15,86.475,66.735
11/4/2025 19:30,85.65,69.48
11/4/2025 19:45,84.825,72.225
11/4/2025 20:00,84,74.97
11/4/2025 20:15,84,74.97
11/4/2025 20:30,84,74.97
11/4/2025 20:45,84,74.97
11/4/2025 21:00,84,74.97
11/4/2025 21:15,83.975,75.0325
11/4/2025 21:30,83.95,75.095
11/4/2025 21:45,83.92500000000001,75.1575
11/4/2025 22:00,83.9,75.22
11/4/2025 22:15,83.47500000000001,76.28
11/4/2025 22:30,83.05000000000001,77.34
11/4/2025 22:45,82.625,78.39999999999999
11/4/2025 23:00,82.2,79.46
11/4/2025 23:15,82.2,79.46
11/4/2025 23:30,82.2,79.46
11/4/2025 23:45,82.2,79.46
11/5/2025 0:00,82.2,79.46
11/5/2025 0:15,82.2,79.46
11/5/2025 0:30,82.2,79.46
11/5/2025 0:45,82.2,79.46
11/5/2025 1:00,82.2,79.46
11/5/2025 1:15,81.775,80.585
11/5/2025 1:30,81.35,81.71
11/5/2025 1:45,80.925,82.835
11/5/2025 2:00,80.5,83.96
11/5/2025 2:15,80.475,83.9575
11/5/2025 2:30,80.45,83.955
11/5/2025 2:45,80.42500000000001,83.9525
11/5/2025 3:00,80.4,83.95
11/5/2025 3:15,80.4,83.8775
11/5/2025 3:30,80.4,83.805
11/5/2025 3:45,80.4,83.7325
11/5/2025 4:00,80.4,83.66
11/5/2025 4:15,80.35000000000001,82.8375
11/5/2025 4:30,80.30000000000001,82.015
11/5/2025 4:45,80.25,81.1925
11/5/2025 5:00,80.2,80.37
11/5/2025 5:15,80.225,80.17500000000001
11/5/2025 5:30,80.25,79.98
11/5/2025 5:45,80.275,79.785
11/5/2025 6:00,80.3,79.59
11/5/2025 6:15,79.9,81.96000000000001
11/5/2025 6:30,79.5,84.33
11/5/2025 6:45,79.1,86.69999999999999
11/5/2025 7:00,78.7,89.07
11/5/2025 7:15,79.15,87.79499999999999
11/5/2025 7:30,79.6,86.52
11/5/2025 7:45,80.05,85.245
11/5/2025 8:00,80.5,83.97
11/5/2025 8:15,81.35,80.8075
11/5/2025 8:30,82.2,77.645
11/5/2025 8:45,83.05000000000001,74.48249999999999
11/5/2025 9:00,83.9,71.32
11/5/2025 9:15,84.80000000000001,69.4375
11/5/2025 9:30,85.7,67.55499999999999
11/5/2025 9:45,86.6,65.6725
11/5/2025 10:00,87.5,63.79
11/5/2025 10:15,87.975,62.025
11/5/2025 10:30,88.45,60.26
11/5/2025 10:45,88.92500000000001,58.495
11/5/2025 11:00,89.4,56.73
11/5/2025 11:15,89.85000000000001,55.2025
11/5/2025 11:30,90.30000000000001,53.675
11/5/2025 11:45,90.75,52.147499999999994
11/5/2025 12:00,91.2,50.62
11/5/2025 12:15,91.2,51.37
11/5/2025 12:30,91.2,52.12
11/5/2025 12:45,91.2,52.87
11/5/2025 13:00,91.2,53.62
11/5/2025 13:15,91.625,52.885
11/5/2025 13:30,92.05000000000001,52.15
11/5/2025 13:45,92.47500000000001,51.415
11/5/2025 14:00,92.9,50.68
11/5/2025 14:15,92.875,51.5625
11/5/2025 14:30,92.85,52.445
11/5/2025 14:45,92.825,53.3275
11/5/2025 15:00,92.8,54.21
11/5/2025 15:15,92.8,54.26
11/5/2025 15:30,92.8,54.31
11/5/2025 15:45,92.8,54.36
11/5/2025 16:00,92.8,54.41
11/5/2025 16:15,92.375,55.8225
11/5/2025 16:30,91.94999999999999,57.235
11/5/2025 16:45,91.52499999999999,58.6475
11/5/2025 17:00,91.1,60.06
11/5/2025 17:15,90.64999999999999,60.88
11/5/2025 17:30,90.19999999999999,61.7
11/5/2025 17:45,89.75,62.52
11/5/2025 18:00,89.3,63.34
11/5/2025 18:15,88.4,65.255
11/5/2025 18:30,87.5,67.17
11/5/2025 18:45,86.6,69.08500000000001
11/5/2025 19:00,85.7,71
11/5/2025 19:15,85.65,71.12
11/5/2025 19:30,85.6,71.24000000000001
11/5/2025 19:45,85.55,71.36
11/5/2025 20:00,85.5,71.48
11/5/2025 20:15,85.075,72.48
11/5/2025 20:30,84.65,73.48
11/5/2025 20:45,84.225,74.48
11/5/2025 21:00,83.8,75.48
11/5/2025 21:15,83.85,75.3525
11/5/2025 21:30,83.9,75.225
11/5/2025 21:45,83.95,75.0975
11/5/2025 22:00,84,74.97
11/5/2025 22:15,84,74.97
11/5/2025 22:30,84,74.97
11/5/2025 22:45,84,74.97
11/5/2025 23:00,84,74.97
11/5/2025 23:15,83.6,77.03
11/5/2025 23:30,83.2,79.09
11/5/2025 23:45,82.80000000000001,81.14999999999999
11/6/2025 0:00,82.4,83.21
11/6/2025 0:15,82.35000000000001,82.2725
11/6/2025 0:30,82.30000000000001,81.335
11/6/2025 0:45,82.25,80.3975
11/6/2025 1:00,82.2,79.46
11/6/2025 1:15,81.775,80.66
11/6/2025 1:30,81.35,81.86
11/6/2025 1:45,80.925,83.06
11/6/2025 2:00,80.5,84.26
11/6/2025 2:15,80.475,84.33000000000001
11/6/2025 2:30,80.45,84.4
11/6/2025 2:45,80.42500000000001,84.47
11/6/2025 3:00,80.4,84.54
11/6/2025 3:15,80.4,84.5425
11/6/2025 3:30,80.4,84.545
11/6/2025 3:45,80.4,84.5475
11/6/2025 4:00,80.4,84.55
11/6/2025 4:15,80.4,84.475
11/6/2025 4:30,80.4,84.4
11/6/2025 4:45,80.4,84.325
11/6/2025 5:00,80.4,84.25
11/6/2025 5:15,80.4,84.25
11/6/2025 5:30,80.4,84.25
11/6/2025 5:45,80.4,84.25
11/6/2025 6:00,80.4,84.25
11/6/2025 6:15,80.4,84.25
11/6/2025 6:30,80.4,84.25
11/6/2025 6:45,80.4,84.25
11/6/2025 7:00,80.4,84.25
11/6/2025 7:15,80.45,85.2425
11/6/2025 7:30,80.5,86.235
11/6/2025 7:45,80.55,87.22749999999999
11/6/2025 8:00,80.6,88.22
11/6/2025 8:15,81,87.1075
11/6/2025 8:30,81.4,85.995
11/6/2025 8:45,81.8,84.8825
11/6/2025 9:00,82.2,83.77
11/6/2025 9:15,83.1,80.52
11/6/2025 9:30,84,77.27
11/6/2025 9:45,84.9,74.02
11/6/2025 10:00,85.8,70.77
11/6/2025 10:15,86.675,68.1425
11/6/2025 10:30,87.55,65.515
11/6/2025 10:45,88.425,62.887499999999996
11/6/2025 11:00,89.3,60.26
11/6/2025 11:15,89.75,60.265
11/6/2025 11:30,90.19999999999999,60.269999999999996
11/6/2025 11:45,90.64999999999999,60.275
11/6/2025 12:00,91.1,60.28
11/6/2025 12:15,91.125,59.4525
11/6/2025 12:30,91.15,58.625
11/6/2025 12:45,91.175,57.7975
11/6/2025 13:00,91.2,56.97
11/6/2025 13:15,92.025,55.5425
11/6/2025 13:30,92.85,54.114999999999995
11/6/2025 13:45,93.675,52.6875
11/6/2025 14:00,94.5,51.26
11/6/2025 14:15,94.075,51.9975
11/6/2025 14:30,93.65,52.735
11/6/2025 14:45,93.225,53.4725
11/6/2025 15:00,92.8,54.21
11/6/2025 15:15,92.8,54.21
11/6/2025 15:30,92.8,54.21
11/6/2025 15:45,92.8,54.21
11/6/2025 16:00,92.8,54.21
11/6/2025 16:15,92.75,54.3
11/6/2025 16:30,92.69999999999999,54.39
11/6/2025 16:45,92.64999999999999,54.480000000000004
11/6/2025 17:00,92.6,54.57
11/6/2025 17:15,92.175,55.26
11/6/2025 17:30,91.75,55.95
11/6/2025 17:45,91.325,56.64
11/6/2025 18:00,90.9,57.33
11/6/2025 18:15,90.05000000000001,58.835
11/6/2025 18:30,89.2,60.34
11/6/2025 18:45,88.35,61.845
11/6/2025 19:00,87.5,63.35
11/6/2025 19:15,87.075,65.08
11/6/2025 19:30,86.65,66.81
11/6/2025 19:45,86.225,68.53999999999999
11/6/2025 20:00,85.8,70.27
11/6/2025 20:15,85.375,71.3175
11/6/2025 20:30,84.94999999999999,72.365
11/6/2025 20:45,84.52499999999999,73.4125
11/6/2025 21:00,84.1,74.46
11/6/2025 21:15,84.07499999999999,74.58749999999999
11/6/2025 21:30,84.05,74.715
11/6/2025 21:45,84.025,74.8425
11/6/2025 22:00,84,74.97
11/6/2025 22:15,83.975,74.0575
11/6/2025 22:30,83.95,73.145
11/6/2025 22:45,83.92500000000001,72.23249999999999
11/6/2025 23:00,83.9,71.32
11/6/2025 23:15,83.875,71.38
11/6/2025 23:30,83.85,71.44
11/6/2025 23:45,83.825,71.5
11/7/2025 0:00,83.8,71.56
11/7/2025 0:15,83.35,72.6325
11/7/2025 0:30,82.9,73.705
11/7/2025 0:45,82.45,74.7775
11/7/2025 1:00,82,75.85
11/7/2025 1:15,81.6,76.85749999999999
11/7/2025 1:30,81.2,77.865
11/7/2025 1:45,80.80000000000001,78.8725
11/7/2025 2:00,80.4,79.88
11/7/2025 2:15,80.4,79.88
11/7/2025 2:30,80.4,79.88
11/7/2025 2:45,80.4,79.88
11/7/2025 3:00,80.4,79.88
11/7/2025 3:15,80.4,78.83749999999999
11/7/2025 3:30,80.4,77.79499999999999
11/7/2025 3:45,80.4,76.7525
11/7/2025 4:00,80.4,75.71
11/7/2025 4:15,80.375,76.82249999999999
11/7/2025 4:30,80.35,77.935
11/7/2025 4:45,80.325,79.0475
11/7/2025 5:00,80.3,80.16
11/7/2025 5:15,80.225,81.32499999999999
11/7/2025 5:30,80.15,82.49
11/7/2025 5:45,80.075,83.655
11/7/2025 6:00,80,84.82
11/7/2025 6:15,79.6,85.8
11/7/2025 6:30,79.2,86.78
11/7/2025 6:45,78.80000000000001,87.75999999999999
11/7/2025 7:00,78.4,88.74
11/7/2025 7:15,78.825,86.44999999999999
11/7/2025 7:30,79.25,84.16
11/7/2025 7:45,79.675,81.87
11/7/2025 8:00,80.1,79.58
11/7/2025 8:15,80.6,79.5475
11/7/2025 8:30,81.1,79.515
11/7/2025 8:45,81.6,79.4825
11/7/2025 9:00,82.1,79.45
11/7/2025 9:15,82.55,77.4175
11/7/2025 9:30,83,75.38499999999999
11/7/2025 9:45,83.45,73.35249999999999
11/7/2025 10:00,83.9,71.32
11/7/2025 10:15,84.80000000000001,69.44
11/7/2025 10:30,85.7,67.56
11/7/2025 10:45,86.6,65.67999999999999
11/7/2025 11:00,87.5,63.8
11/7/2025 11:15,87.975,62.762499999999996
11/7/2025 11:30,88.45,61.724999999999994
11/7/2025 11:45,88.92500000000001,60.6875
11/7/2025 12:00,89.4,59.65
11/7/2025 12:15,89.825,58.927499999999995
11/7/2025 12:30,90.25,58.205
11/7/2025 12:45,90.675,57.4825
11/7/2025 13:00,91.1,56.76
11/7/2025 13:15,91.52499999999999,55.98
11/7/2025 13:30,91.94999999999999,55.2
11/7/2025 13:45,92.375,54.42
11/7/2025 14:00,92.8,53.64
11/7/2025 14:15,92.35,53.769999999999996
11/7/2025 14:30,91.9,53.9
11/7/2025 14:45,91.45,54.03
11/7/2025 15:00,91,54.16
11/7/2025 15:15,91,54.905
11/7/2025 15:30,91,55.65
11/7/2025 15:45,91,56.394999999999996
11/7/2025 16:00,91,57.14
11/7/2025 16:15,90.6,57.0375
11/7/2025 16:30,90.2,56.935
11/7/2025 16:45,89.80000000000001,56.832499999999996
11/7/2025 17:00,89.4,56.73
11/7/2025 17:15,88.95,58.497499999999995
11/7/2025 17:30,88.5,60.265
11/7/2025 17:45,88.05,62.0325
11/7/2025 18:00,87.6,63.8
11/7/2025 18:15,87.125,65.725
11/7/2025 18:30,86.65,67.65
11/7/2025 18:45,86.175,69.575
11/7/2025 19:00,85.7,71.5
11/7/2025 19:15,85.275,72.4975
11/7/2025 19:30,84.85,73.495
11/7/2025 19:45,84.425,74.49249999999999
11/7/2025 20:00,84,75.49
11/7/2025 20:15,83.55,76.62
11/7/2025 20:30,83.1,77.75
11/7/2025 20:45,82.65,78.88
11/7/2025 21:00,82.2,80.01
11/7/2025 21:15,82.575,79.00750000000001
11/7/2025 21:30,82.95,78.005
11/7/2025 21:45,83.325,77.0025
11/7/2025 22:00,83.7,76
11/7/2025 22:15,83.325,76.935
11/7/2025 22:30,82.95,77.87
11/7/2025 22:45,82.575,78.80499999999999
11/7/2025 23:00,82.2,79.74
11/7/2025 23:15,82.2,79.66999999999999
11/7/2025 23:30,82.2,79.6
11/7/2025 23:45,82.2,79.53
11/8/2025 0:00,82.2,79.46
11/8/2025 0:15,82.2,79.46
11/8/2025 0:30,82.2,79.46
11/8/2025 0:45,82.2,79.46
11/8/2025 1:00,82.2,79.46
11/8/2025 1:15,81.75,79.565
11/8/2025 1:30,81.30000000000001,79.66999999999999
11/8/2025 1:45,80.85000000000001,79.77499999999999
11/8/2025 2:00,80.4,79.88
11/8/2025 2:15,80.4,80.9725
11/8/2025 2:30,80.4,82.065
11/8/2025 2:45,80.4,83.1575
11/8/2025 3:00,80.4,84.25
11/8/2025 3:15,80.375,84.2475
11/8/2025 3:30,80.35,84.245
11/8/2025 3:45,80.325,84.24249999999999
11/8/2025 4:00,80.3,84.24
11/8/2025 4:15,80.25,84.2375
11/8/2025 4:30,80.19999999999999,84.235
11/8/2025 4:45,80.14999999999999,84.2325
11/8/2025 5:00,80.1,84.23
11/8/2025 5:15,79.675,85.5125
11/8/2025 5:30,79.25,86.795
11/8/2025 5:45,78.825,88.0775
11/8/2025 6:00,78.4,89.36
11/8/2025 6:15,78.4,89.4375
11/8/2025 6:30,78.4,89.515
11/8/2025 6:45,78.4,89.5925
11/8/2025 7:00,78.4,89.67
11/8/2025 7:15,78.9,88.3175
11/8/2025 7:30,79.4,86.965
11/8/2025 7:45,79.9,85.61250000000001
11/8/2025 8:00,80.4,84.26
11/8/2025 8:15,81.325,81.81
11/8/2025 8:30,82.25,79.36
11/8/2025 8:45,83.175,76.91
11/8/2025 9:00,84.1,74.46
11/8/2025 9:15,85,70.7025
11/8/2025 9:30,85.9,66.945
11/8/2025 9:45,86.8,63.1875
11/8/2025 10:00,87.7,59.43
11/8/2025 10:15,88.575,57.835
11/8/2025 10:30,89.45,56.239999999999995
11/8/2025 10:45,90.325,54.644999999999996
11/8/2025 11:00,91.2,53.05
11/8/2025 11:15,91.225,53.0075
11/8/2025 11:30,91.25,52.965
11/8/2025 11:45,91.275,52.9225
11/8/2025 12:00,91.3,52.88
11/8/2025 12:15,91.725,51.5825
11/8/2025 12:30,92.15,50.285
11/8/2025 12:45,92.575,48.9875
11/8/2025 13:00,93,47.69
11/8/2025 13:15,93.025,48.31
11/8/2025 13:30,93.05,48.93
11/8/2025 13:45,93.07499999999999,49.55
11/8/2025 14:00,93.1,50.17
11/8/2025 14:15,93.475,50.355000000000004
11/8/2025 14:30,93.85,50.54
11/8/2025 14:45,94.225,50.724999999999994
11/8/2025 15:00,94.6,50.91
11/8/2025 15:15,94.57499999999999,51.0875
11/8/2025 15:30,94.55,51.265
11/8/2025 15:45,94.525,51.442499999999995
11/8/2025 16:00,94.5,51.62
11/8/2025 16:15,94.45,51.6575
11/8/2025 16:30,94.4,51.695
11/8/2025 16:45,94.35,51.7325
11/8/2025 17:00,94.3,51.77
11/8/2025 17:15,93.45,52.362500000000004
11/8/2025 17:30,92.6,52.955
11/8/2025 17:45,91.75,53.5475
11/8/2025 18:00,90.9,54.14
11/8/2025 18:15,90.025,55.7175
11/8/2025 18:30,89.15,57.295
11/8/2025 18:45,88.275,58.8725
11/8/2025 19:00,87.4,60.45
11/8/2025 19:15,86.95,62.2825
11/8/2025 19:30,86.5,64.11500000000001
11/8/2025 19:45,86.05,65.9475
11/8/2025 20:00,85.6,67.78
11/8/2025 20:15,85.6,68.7075
11/8/2025 20:30,85.6,69.63499999999999
11/8/2025 20:45,85.6,70.5625
11/8/2025 21:00,85.6,71.49
11/8/2025 21:15,85.19999999999999,72.36
11/8/2025 21:30,84.8,73.22999999999999
11/8/2025 21:45,84.4,74.1
11/8/2025 22:00,84,74.97
11/8/2025 22:15,84,74.97
11/8/2025 22:30,84,74.97
11/8/2025 22:45,84,74.97
11/8/2025 23:00,84,74.97
11/8/2025 23:15,84,73.9975
11/8/2025 23:30,84,73.025
11/8/2025 23:45,84,72.0525
11/9/2025 0:00,84,71.08
11/9/2025 0:15,83.975,72.115
11/9/2025 0:30,83.95,73.15
11/9/2025 0:45,83.92500000000001,74.185
11/9/2025 1:00,83.9,75.22
11/9/2025 1:15,83.47500000000001,76.28
11/9/2025 1:30,83.05000000000001,77.34
11/9/2025 1:45,82.625,78.39999999999999
11/9/2025 2:00,82.2,79.46
11/9/2025 2:15,82.2,79.46
11/9/2025 2:30,82.2,79.46
11/9/2025 2:45,82.2,79.46
11/9/2025 3:00,82.2,79.46
11/9/2025 3:15,82.175,79.52499999999999
11/9/2025 3:30,82.15,79.59
11/9/2025 3:45,82.125,79.655
11/9/2025 4:00,82.1,79.72
11/9/2025 4:15,82,79.925
11/9/2025 4:30,81.9,80.13
11/9/2025 4:45,81.8,80.33500000000001
11/9/2025 5:00,81.7,80.54
11/9/2025 5:15,81.725,81.635
11/9/2025 5:30,81.75,82.73
11/9/2025 5:45,81.775,83.825
11/9/2025 6:00,81.8,84.92
11/9/2025 6:15,81.825,84.85
11/9/2025 6:30,81.85,84.78
11/9/2025 6:45,81.875,84.71000000000001
11/9/2025 7:00,81.9,84.64
11/9/2025 7:15,81.97500000000001,83.205
11/9/2025 7:30,82.05000000000001,81.77000000000001
11/9/2025 7:45,82.125,80.33500000000001
11/9/2025 8:00,82.2,78.9
11/9/2025 8:15,82.225,79.0425
11/9/2025 8:30,82.25,79.185
11/9/2025 8:45,82.275,79.3275
11/9/2025 9:00,82.3,79.47
11/9/2025 9:15,83.15,76.5525
11/9/2025 9:30,84,73.63499999999999
11/9/2025 9:45,84.85,70.7175
11/9/2025 10:00,85.7,67.8
11/9/2025 10:15,86.175,67.6725
11/9/2025 10:30,86.65,67.545
11/9/2025 10:45,87.125,67.4175
11/9/2025 11:00,87.6,67.29
11/9/2025 11:15,88,66.465
11/9/2025 11:30,88.4,65.64
11/9/2025 11:45,88.8,64.815
11/9/2025 12:00,89.2,63.99
11/9/2025 12:15,88.45,65.57000000000001
11/9/2025 12:30,87.7,67.15
11/9/2025 12:45,86.95,68.73
11/9/2025 13:00,86.2,70.31
11/9/2025 13:15,87,68.625
11/9/2025 13:30,87.80000000000001,66.94
11/9/2025 13:45,88.60000000000001,65.255
11/9/2025 14:00,89.4,63.57
11/9/2025 14:15,90.10000000000001,61.4475
11/9/2025 14:30,90.80000000000001,59.325
11/9/2025 14:45,91.5,57.2025
11/9/2025 15:00,92.2,55.08
11/9/2025 15:15,91.775,55.17
11/9/2025 15:30,91.35,55.26
11/9/2025 15:45,90.925,55.349999999999994
11/9/2025 16:00,90.5,55.44
11/9/2025 16:15,90.525,56.105
11/9/2025 16:30,90.55,56.769999999999996
11/9/2025 16:45,90.57499999999999,57.435
11/9/2025 17:00,90.6,58.1
11/9/2025 17:15,89.77499999999999,60.565
11/9/2025 17:30,88.94999999999999,63.03
11/9/2025 17:45,88.125,65.49499999999999
11/9/2025 18:00,87.3,67.96
11/9/2025 18:15,86.85,68.965
11/9/2025 18:30,86.4,69.97
11/9/2025 18:45,85.95,70.975
11/9/2025 19:00,85.5,71.98
11/9/2025 19:15,85.075,72.98750000000001
11/9/2025 19:30,84.65,73.995
11/9/2025 19:45,84.225,75.0025
11/9/2025 20:00,83.8,76.01
11/9/2025 20:15,83.75,77.17500000000001
11/9/2025 20:30,83.69999999999999,78.34
11/9/2025 20:45,83.64999999999999,79.505
11/9/2025 21:00,83.6,80.67
11/9/2025 21:15,83.6,80.67
11/9/2025 21:30,83.6,80.67
11/9/2025 21:45,83.6,80.67
11/9/2025 22:00,83.6,80.67
11/9/2025 22:15,83.19999999999999,81.735
11/9/2025 22:30,82.8,82.80000000000001
11/9/2025 22:45,82.4,83.86500000000001
11/9/2025 23:00,82,84.93
11/9/2025 23:15,82,84.8575
11/9/2025 23:30,82,84.785
11/9/2025 23:45,82,84.7125
11/10/2025 0:00,82,84.64
11/10/2025 0:15,82,84.5675
11/10/2025 0:30,82,84.495
11/10/2025 0:45,82,84.4225
11/10/2025 1:00,82,84.35
11/10/2025 1:15,81.575,83.1625
11/10/2025 1:30,81.15,81.975
11/10/2025 1:45,80.725,80.7875
11/10/2025 2:00,80.3,79.6
11/10/2025 2:15,79.525,83.085
11/10/2025 2:30,78.75,86.57
11/10/2025 2:45,77.975,90.055
11/10/2025 3:00,77.2,93.54
11/10/2025 3:15,77.175,92.4025
11/10/2025 3:30,77.15,91.265
11/10/2025 3:45,77.125,90.1275
11/10/2025 4:00,77.1,88.99
11/10/2025 4:15,77.1,88.99249999999999
11/10/2025 4:30,77.1,88.995
11/10/2025 4:45,77.1,88.9975
11/10/2025 5:00,77.1,89
11/10/2025 5:15,77.1,88.9975
11/10/2025 5:30,77.1,88.995
11/10/2025 5:45,77.1,88.99249999999999
11/10/2025 6:00,77.1,88.99
11/10/2025 6:15,77.1,90.21
11/10/2025 6:30,77.1,91.43
11/10/2025 6:45,77.1,92.65
11/10/2025 7:00,77.1,93.87
11/10/2025 7:15,77.52499999999999,92.5925
11/10/2025 7:30,77.94999999999999,91.315
11/10/2025 7:45,78.375,90.03750000000001
11/10/2025 8:00,78.8,88.76
11/10/2025 8:15,78.875,88.5325
11/10/2025 8:30,78.94999999999999,88.305
11/10/2025 8:45,79.02499999999999,88.0775
11/10/2025 9:00,79.1,87.85
11/10/2025 9:15,79.125,86.5675
11/10/2025 9:30,79.15,85.285
11/10/2025 9:45,79.175,84.0025
11/10/2025 10:00,79.2,82.72
11/10/2025 10:15,79.625,80.5175
11/10/2025 10:30,80.05000000000001,78.315
11/10/2025 10:45,80.47500000000001,76.1125
11/10/2025 11:00,80.9,73.91
11/10/2025 11:15,81.375,72.8
11/10/2025 11:30,81.85,71.69
11/10/2025 11:45,82.325,70.58
11/10/2025 12:00,82.8,69.47
11/10/2025 12:15,83.625,68.5925
11/10/2025 12:30,84.44999999999999,67.715
11/10/2025 12:45,85.27499999999999,66.83749999999999
11/10/2025 13:00,86.1,65.96
11/10/2025 13:15,86.52499999999999,65.94999999999999
11/10/2025 13:30,86.94999999999999,65.94
11/10/2025 13:45,87.375,65.93
11/10/2025 14:00,87.8,65.92
11/10/2025 14:15,88.175,65.1625
11/10/2025 14:30,88.55,64.405
11/10/2025 14:45,88.925,63.6475
11/10/2025 15:00,89.3,62.89
11/10/2025 15:15,89.325,62.785
11/10/2025 15:30,89.35,62.68
11/10/2025 15:45,89.375,62.575
11/10/2025 16:00,89.4,62.47
11/10/2025 16:15,88.2,66.08500000000001
11/10/2025 16:30,87,69.7
11/10/2025 16:45,85.8,73.315
11/10/2025 17:00,84.6,76.93
11/10/2025 17:15,84.55,77.06
11/10/2025 17:30,84.5,77.19
11/10/2025 17:45,84.45,77.32000000000001
11/10/2025 18:00,84.4,77.45
11/10/2025 18:15,83.92500000000001,78.8175
11/10/2025 18:30,83.45,80.185
11/10/2025 18:45,82.975,81.55250000000001
11/10/2025 19:00,82.5,82.92
11/10/2025 19:15,82.475,81.92
11/10/2025 19:30,82.45,80.92
11/10/2025 19:45,82.42500000000001,79.92
11/10/2025 20:00,82.4,78.92
11/10/2025 20:15,82.4,78.92
11/10/2025 20:30,82.4,78.92
11/10/2025 20:45,82.4,78.92
11/10/2025 21:00,82.4,78.92
11/10/2025 21:15,82,79.9675
11/10/2025 21:30,81.6,81.015
11/10/2025 21:45,81.2,82.0625
11/10/2025 22:00,80.8,83.11
11/10/2025 22:15,80.775,84.3125
11/10/2025 22:30,80.75,85.515
11/10/2025 22:45,80.725,86.7175
11/10/2025 23:00,80.7,87.92
11/10/2025 23:15,80.675,86.86
11/10/2025 23:30,80.65,85.80000000000001
11/10/2025 23:45,80.625,84.74000000000001
11/11/2025 0:00,80.6,83.68
11/11/2025 0:15,80.14999999999999,84.95
11/11/2025 0:30,79.69999999999999,86.22
11/11/2025 0:45,79.25,87.49000000000001
11/11/2025 1:00,78.8,88.76
11/11/2025 1:15,78.8,88.76
11/11/2025 1:30,78.8,88.76
11/11/2025 1:45,78.8,88.76
11/11/2025 2:00,78.8,88.76
11/11/2025 2:15,78.8,88.76
11/11/2025 2:30,78.8,88.76
11/11/2025 2:45,78.8,88.76
11/11/2025 3:00,78.8,88.76
11/11/2025 3:15,78.775,88.83500000000001
11/11/2025 3:30,78.75,88.91
11/11/2025 3:45,78.725,88.985
11/11/2025 4:00,78.7,89.06
11/11/2025 4:15,78.675,89.1375
11/11/2025 4:30,78.65,89.215
11/11/2025 4:45,78.625,89.2925
11/11/2025 5:00,78.6,89.37
11/11/2025 5:15,78.19999999999999,90.495
11/11/2025 5:30,77.8,91.62
11/11/2025 5:45,77.4,92.745
11/11/2025 6:00,77,93.87
11/11/2025 6:15,77,92.5725
11/11/2025 6:30,77,91.275
11/11/2025 6:45,77,89.9775
11/11/2025 7:00,77,88.68
11/11/2025 7:15,77.425,88.6975
11/11/2025 7:30,77.85,88.715
11/11/2025 7:45,78.275,88.7325
11/11/2025 8:00,78.7,88.75
11/11/2025 8:15,78.675,88.8275
11/11/2025 8:30,78.65,88.905
11/11/2025 8:45,78.625,88.9825
11/11/2025 9:00,78.6,89.06
11/11/2025 9:15,78.725,88.6825
11/11/2025 9:30,78.85,88.305
11/11/2025 9:45,78.975,87.9275
11/11/2025 10:00,79.1,87.55
11/11/2025 10:15,79.925,85.3925
11/11/2025 10:30,80.75,83.235
11/11/2025 10:45,81.575,81.0775
11/11/2025 11:00,82.4,78.92
11/11/2025 11:15,82.85000000000001,77.8075
11/11/2025 11:30,83.30000000000001,76.695
11/11/2025 11:45,83.75,75.5825
11/11/2025 12:00,84.2,74.47
11/11/2025 12:15,85.05,71.6925
11/11/2025 12:30,85.9,68.91499999999999
11/11/2025 12:45,86.75,66.1375
11/11/2025 13:00,87.6,63.36
11/11/2025 13:15,87.6,65.1325
11/11/2025 13:30,87.6,66.905
11/11/2025 13:45,87.6,68.67750000000001
11/11/2025 14:00,87.6,70.45
11/11/2025 14:15,86.425,73.29
11/11/2025 14:30,85.25,76.13
11/11/2025 14:45,84.075,78.97
11/11/2025 15:00,82.9,81.81
11/11/2025 15:15,83.275,80.7875
11/11/2025 15:30,83.65,79.765
11/11/2025 15:45,84.025,78.7425
11/11/2025 16:00,84.4,77.72
11/11/2025 16:15,84.375,76.715
11/11/2025 16:30,84.35,75.71000000000001
11/11/2025 16:45,84.325,74.705
11/11/2025 17:00,84.3,73.7
11/11/2025 17:15,84.275,73.7625
11/11/2025 17:30,84.25,73.825
11/11/2025 17:45,84.225,73.8875
11/11/2025 18:00,84.2,73.95
11/11/2025 18:15,83.75,75.055
11/11/2025 18:30,83.30000000000001,76.16
11/11/2025 18:45,82.85000000000001,77.265
11/11/2025 19:00,82.4,78.37
11/11/2025 19:15,82.4,79.50750000000001
11/11/2025 19:30,82.4,80.64500000000001
11/11/2025 19:45,82.4,81.7825
11/11/2025 20:00,82.4,82.92
11/11/2025 20:15,82.4,81.92
11/11/2025 20:30,82.4,80.92
11/11/2025 20:45,82.4,79.92
11/11/2025 21:00,82.4,78.92
11/11/2025 21:15,81.97500000000001,80.0375
11/11/2025 21:30,81.55000000000001,81.155
11/11/2025 21:45,81.125,82.27250000000001
11/11/2025 22:00,80.7,83.39
11/11/2025 22:15,80.675,83.4625
11/11/2025 22:30,80.65,83.535
11/11/2025 22:45,80.625,83.6075
11/11/2025 23:00,80.6,83.68
11/11/2025 23:15,80.6,83.68
11/11/2025 23:30,80.6,83.68
11/11/2025 23:45,80.6,83.68
11/12/2025 0:00,80.6,83.68
11/12/2025 0:15,80.55,83.8225
11/12/2025 0:30,80.5,83.965
11/12/2025 0:45,80.45,84.1075
11/12/2025 1:00,80.4,84.25
11/12/2025 1:15,79.95,85.53
11/12/2025 1:30,79.5,86.81
11/12/2025 1:45,79.05,88.09
11/12/2025 2:00,78.6,89.37
11/12/2025 2:15,78.57499999999999,89.4475
11/12/2025 2:30,78.55,89.525
11/12/2025 2:45,78.525,89.6025
11/12/2025 3:00,78.5,89.68
11/12/2025 3:15,78.525,89.6025
11/12/2025 3:30,78.55,89.525
11/12/2025 3:45,78.57499999999999,89.4475
11/12/2025 4:00,78.6,89.37
11/12/2025 4:15,78.175,89.3525
11/12/2025 4:30,77.75,89.33500000000001
11/12/2025 4:45,77.325,89.3175
11/12/2025 5:00,76.9,89.3
11/12/2025 5:15,76.875,89.3
11/12/2025 5:30,76.85,89.3
11/12/2025 5:45,76.825,89.3
11/12/2025 6:00,76.8,89.3
11/12/2025 6:15,76.4,90.5125
11/12/2025 6:30,76,91.725
11/12/2025 6:45,75.6,92.9375
11/12/2025 7:00,75.2,94.15
11/12/2025 7:15,75.65,92.7825
11/12/2025 7:30,76.1,91.415
11/12/2025 7:45,76.55,90.04750000000001
11/12/2025 8:00,77,88.68
11/12/2025 8:15,77.475,87.4775
11/12/2025 8:30,77.95,86.275
11/12/2025 8:45,78.42500000000001,85.0725
11/12/2025 9:00,78.9,83.87
11/12/2025 9:15,79.35000000000001,83.68
11/12/2025 9:30,79.80000000000001,83.49000000000001
11/12/2025 9:45,80.25,83.3
11/12/2025 10:00,80.7,83.11
11/12/2025 10:15,81.55,80.0425
11/12/2025 10:30,82.4,76.975
11/12/2025 10:45,83.25,73.9075
11/12/2025 11:00,84.1,70.84
11/12/2025 11:15,84.52499999999999,70.82000000000001
11/12/2025 11:30,84.94999999999999,70.80000000000001
11/12/2025 11:45,85.375,70.78
11/12/2025 12:00,85.8,70.76
11/12/2025 12:15,86.25,69.775
11/12/2025 12:30,86.69999999999999,68.78999999999999
11/12/2025 12:45,87.14999999999999,67.80499999999999
11/12/2025 13:00,87.6,66.82
11/12/2025 13:15,87.6,66.82
11/12/2025 13:30,87.6,66.82
11/12/2025 13:45,87.6,66.82
11/12/2025 14:00,87.6,66.82
11/12/2025 14:15,87.6,66.76249999999999
11/12/2025 14:30,87.6,66.705
11/12/2025 14:45,87.6,66.64750000000001
11/12/2025 15:00,87.6,66.59
11/12/2025 15:15,87.175,66.66
11/12/2025 15:30,86.75,66.73
11/12/2025 15:45,86.325,66.80000000000001
11/12/2025 16:00,85.9,66.87
11/12/2025 16:15,85.45,68.83
11/12/2025 16:30,85,70.78999999999999
11/12/2025 16:45,84.55,72.75
11/12/2025 17:00,84.1,74.71
11/12/2025 17:15,83.675,75.83
11/12/2025 17:30,83.25,76.94999999999999
11/12/2025 17:45,82.825,78.07
11/12/2025 18:00,82.4,79.19
11/12/2025 18:15,82.35000000000001,80.4825
11/12/2025 18:30,82.30000000000001,81.775
11/12/2025 18:45,82.25,83.0675
11/12/2025 19:00,82.2,84.36
11/12/2025 19:15,81.8,83.105
11/12/2025 19:30,81.4,81.85
11/12/2025 19:45,81,80.595
11/12/2025 20:00,80.6,79.34
11/12/2025 20:15,80.14999999999999,80.6175
11/12/2025 20:30,79.69999999999999,81.89500000000001
11/12/2025 20:45,79.25,83.1725
11/12/2025 21:00,78.8,84.45
11/12/2025 21:15,78.8,85.5275
11/12/2025 21:30,78.8,86.605
11/12/2025 21:45,78.8,87.6825
11/12/2025 22:00,78.8,88.76
11/12/2025 22:15,78.8,88.76
11/12/2025 22:30,78.8,88.76
11/12/2025 22:45,78.8,88.76
11/12/2025 23:00,78.8,88.76
11/12/2025 23:15,78.8,88.76
11/12/2025 23:30,78.8,88.76
11/12/2025 23:45,78.8,88.76
11/13/2025 0:00,78.8,88.76
11/13/2025 0:15,78.8,88.76
11/13/2025 0:30,78.8,88.76
11/13/2025 0:45,78.8,88.76
11/13/2025 1:00,78.8,88.76
11/13/2025 1:15,78.775,88.75750000000001
11/13/2025 1:30,78.75,88.755
11/13/2025 1:45,78.725,88.7525
11/13/2025 2:00,78.7,88.75
11/13/2025 2:15,78.275,90.0275
11/13/2025 2:30,77.85,91.305
11/13/2025 2:45,77.425,92.5825
11/13/2025 3:00,77,93.86
11/13/2025 3:15,77,92.7225
11/13/2025 3:30,77,91.58500000000001
11/13/2025 3:45,77,90.4475
11/13/2025 4:00,77,89.31
11/13/2025 4:15,77,89.31
11/13/2025 4:30,77,89.31
11/13/2025 4:45,77,89.31
11/13/2025 5:00,77,89.31
11/13/2025 5:15,77,89.31
11/13/2025 5:30,77,89.31
11/13/2025 5:45,77,89.31
11/13/2025 6:00,77,89.31
11/13/2025 6:15,77,89.31
11/13/2025 6:30,77,89.31
11/13/2025 6:45,77,89.31
11/13/2025 7:00,77,89.31
11/13/2025 7:15,77.025,90.45
11/13/2025 7:30,77.05,91.59
11/13/2025 7:45,77.07499999999999,92.73
11/13/2025 8:00,77.1,93.87
11/13/2025 8:15,78.02499999999999,91.18
11/13/2025 8:30,78.94999999999999,88.49000000000001
11/13/2025 8:45,79.875,85.8
11/13/2025 9:00,80.8,83.11
11/13/2025 9:15,81.65,80.8825
11/13/2025 9:30,82.5,78.655
11/13/2025 9:45,83.35,76.42750000000001
11/13/2025 10:00,84.2,74.2
11/13/2025 10:15,85,72.4075
11/13/2025 10:30,85.80000000000001,70.61500000000001
11/13/2025 10:45,86.60000000000001,68.8225
11/13/2025 11:00,87.4,67.03
11/13/2025 11:15,87.85000000000001,66.16
11/13/2025 11:30,88.30000000000001,65.28999999999999
11/13/2025 11:45,88.75,64.42
11/13/2025 12:00,89.2,63.55
11/13/2025 12:15,89.65,61.9475
11/13/2025 12:30,90.1,60.345
11/13/2025 12:45,90.55,58.7425
11/13/2025 13:00,91,57.14
11/13/2025 13:15,91.025,57.8725
11/13/2025 13:30,91.05,58.605000000000004
11/13/2025 13:45,91.07499999999999,59.3375
11/13/2025 14:00,91.1,60.07
11/13/2025 14:15,90.27499999999999,60.7875
11/13/2025 14:30,89.44999999999999,61.504999999999995
11/13/2025 14:45,88.625,62.2225
11/13/2025 15:00,87.8,62.94
11/13/2025 15:15,87.35,64.84
11/13/2025 15:30,86.9,66.74000000000001
11/13/2025 15:45,86.45,68.64
11/13/2025 16:00,86,70.54
11/13/2025 16:15,84.175,75.17
11/13/2025 16:30,82.35,79.80000000000001
11/13/2025 16:45,80.525,84.43
11/13/2025 17:00,78.7,89.06
11/13/2025 17:15,78.225,90.3425
11/13/2025 17:30,77.75,91.625
11/13/2025 17:45,77.275,92.9075
11/13/2025 18:00,76.8,94.19
11/13/2025 18:15,76.8,94.19
11/13/2025 18:30,76.8,94.19
11/13/2025 18:45,76.8,94.19
11/13/2025 19:00,76.8,94.19
11/13/2025 19:15,76.85,94.1075
11/13/2025 19:30,76.9,94.025
11/13/2025 19:45,76.95,93.9425
11/13/2025 20:00,77,93.86
11/13/2025 20:15,77.35,92.8925
11/13/2025 20:30,77.7,91.925
11/13/2025 20:45,78.05000000000001,90.9575
11/13/2025 21:00,78.4,89.99
11/13/2025 21:15,78.45,89.835
11/13/2025 21:30,78.5,89.68
11/13/2025 21:45,78.55,89.525
11/13/2025 22:00,78.6,89.37
11/13/2025 22:15,78.6,89.37
11/13/2025 22:30,78.6,89.37
11/13/2025 22:45,78.6,89.37
11/13/2025 23:00,78.6,89.37
11/13/2025 23:15,78.19999999999999,90.575
11/13/2025 23:30,77.8,91.78
11/13/2025 23:45,77.4,92.985
11/14/2025 0:00,77,94.19
11/14/2025 0:15,77,94.19
11/14/2025 0:30,77,94.19
11/14/2025 0:45,77,94.19
11/14/2025 1:00,77,94.19
11/14/2025 1:15,77,94.19
11/14/2025 1:30,77,94.19
11/14/2025 1:45,77,94.19
11/14/2025 2:00,77,94.19
11/14/2025 2:15,77,94.19
11/14/2025 2:30,77,94.19
11/14/2025 2:45,77,94.19
11/14/2025 3:00,77,94.19
11/14/2025 3:15,76.9,94.3375
11/14/2025 3:30,76.8,94.485
11/14/2025 3:45,76.69999999999999,94.6325
11/14/2025 4:00,76.6,94.78
11/14/2025 4:15,76.625,94.63
11/14/2025 4:30,76.65,94.48
11/14/2025 4:45,76.675,94.33000000000001
11/14/2025 5:00,76.7,94.18
11/14/2025 5:15,76.7,92.95750000000001
11/14/2025 5:30,76.7,91.73500000000001
11/14/2025 5:45,76.7,90.5125
11/14/2025 6:00,76.7,89.29
11/14/2025 6:15,76.3,90.50500000000001
11/14/2025 6:30,75.9,91.72
11/14/2025 6:45,75.5,92.935
11/14/2025 7:00,75.1,94.15
11/14/2025 7:15,75.55,92.9375
11/14/2025 7:30,76,91.725
11/14/2025 7:45,76.45,90.5125
11/14/2025 8:00,76.9,89.3
11/14/2025 8:15,77.4,87.86749999999999
11/14/2025 8:30,77.9,86.435
11/14/2025 8:45,78.4,85.0025
11/14/2025 9:00,78.9,83.57
11/14/2025 9:15,79.75,81.3825
11/14/2025 9:30,80.6,79.195
11/14/2025 9:45,81.45,77.0075
11/14/2025 10:00,82.3,74.82
11/14/2025 10:15,82.75,74.72999999999999
11/14/2025 10:30,83.19999999999999,74.63999999999999
11/14/2025 10:45,83.64999999999999,74.55
11/14/2025 11:00,84.1,74.46
11/14/2025 11:15,85,72.4375
11/14/2025 11:30,85.9,70.41499999999999
11/14/2025 11:45,86.8,68.3925
11/14/2025 12:00,87.7,66.37
11/14/2025 12:15,88.1,65.5575
11/14/2025 12:30,88.5,64.745
11/14/2025 12:45,88.9,63.9325
11/14/2025 13:00,89.3,63.12
11/14/2025 13:15,89.75,61.58
11/14/2025 13:30,90.19999999999999,60.04
11/14/2025 13:45,90.64999999999999,58.5
11/14/2025 14:00,91.1,56.96
11/14/2025 14:15,90.6,57.8875
11/14/2025 14:30,90.1,58.815
11/14/2025 14:45,89.6,59.7425
11/14/2025 15:00,89.1,60.67
11/14/2025 15:15,88.375,63.707499999999996
11/14/2025 15:30,87.65,66.745
11/14/2025 15:45,86.925,69.7825
11/14/2025 16:00,86.2,72.82
11/14/2025 16:15,85.7,72.89999999999999
11/14/2025 16:30,85.2,72.97999999999999
11/14/2025 16:45,84.7,73.06
11/14/2025 17:00,84.2,73.14
11/14/2025 17:15,83.875,74.105
11/14/2025 17:30,83.55000000000001,75.07
11/14/2025 17:45,83.22500000000001,76.035
11/14/2025 18:00,82.9,77
11/14/2025 18:15,82.15,80.2625
11/14/2025 18:30,81.4,83.525
11/14/2025 18:45,80.65,86.7875
11/14/2025 19:00,79.9,90.05
11/14/2025 19:15,79.9,88.89
11/14/2025 19:30,79.9,87.72999999999999
11/14/2025 19:45,79.9,86.57
11/14/2025 20:00,79.9,85.41
11/14/2025 20:15,79.9,85.41
11/14/2025 20:30,79.9,85.41
11/14/2025 20:45,79.9,85.41
11/14/2025 21:00,79.9,85.41
11/14/2025 21:15,79.9,86.57
11/14/2025 21:30,79.9,87.72999999999999
11/14/2025 21:45,79.9,88.89
11/14/2025 22:00,79.9,90.05
11/14/2025 22:15,79.95,89.8975
11/14/2025 22:30,80,89.745
11/14/2025 22:45,80.05,89.5925
11/14/2025 23:00,80.1,89.44
11/14/2025 23:15,80.1,89.44
11/14/2025 23:30,80.1,89.44
11/14/2025 23:45,80.1,89.44
11/15/2025 0:00,80.1,89.44
11/15/2025 0:15,80.14999999999999,89.285
11/15/2025 0:30,80.19999999999999,89.13
11/15/2025 0:45,80.25,88.975
11/15/2025 1:00,80.3,88.82
11/15/2025 1:15,80.3,88.82
11/15/2025 1:30,80.3,88.82
11/15/2025 1:45,80.3,88.82
11/15/2025 2:00,80.3,88.82
11/15/2025 2:15,79.85,90.1725
11/15/2025 2:30,79.4,91.525
11/15/2025 2:45,78.95,92.8775
11/15/2025 3:00,78.5,94.23
11/15/2025 3:15,78.5,92.86
11/15/2025 3:30,78.5,91.49000000000001
11/15/2025 3:45,78.5,90.12
11/15/2025 4:00,78.5,88.75
11/15/2025 4:15,78.45,88.9025
11/15/2025 4:30,78.4,89.055
11/15/2025 4:45,78.35,89.2075
11/15/2025 5:00,78.3,89.36
11/15/2025 5:15,78.3,89.36
11/15/2025 5:30,78.3,89.36
11/15/2025 5:45,78.3,89.36
11/15/2025 6:00,78.3,89.36
11/15/2025 6:15,78.3,90.575
11/15/2025 6:30,78.3,91.78999999999999
11/15/2025 6:45,78.3,93.005
11/15/2025 7:00,78.3,94.22
11/15/2025 7:15,78.3,94.38499999999999
11/15/2025 7:30,78.3,94.55
11/15/2025 7:45,78.3,94.715
11/15/2025 8:00,78.3,94.88
11/15/2025 8:15,78.8,93.365
11/15/2025 8:30,79.3,91.85
11/15/2025 8:45,79.8,90.335
11/15/2025 9:00,80.3,88.82
11/15/2025 9:15,81.15,85.48249999999999
11/15/2025 9:30,82,82.145
11/15/2025 9:45,82.85,78.8075
11/15/2025 10:00,83.7,75.47
11/15/2025 10:15,84.2,74.2925
11/15/2025 10:30,84.7,73.11500000000001
11/15/2025 10:45,85.2,71.9375
11/15/2025 11:00,85.7,70.76
11/15/2025 11:15,86.15,69.775
11/15/2025 11:30,86.6,68.78999999999999
11/15/2025 11:45,87.05,67.80499999999999
11/15/2025 12:00,87.5,66.82
11/15/2025 12:15,87.9,66.1125
11/15/2025 12:30,88.3,65.405
11/15/2025 12:45,88.69999999999999,64.6975
11/15/2025 13:00,89.1,63.99
11/15/2025 13:15,89.1,63.99
11/15/2025 13:30,89.1,63.99
11/15/2025 13:45,89.1,63.99
11/15/2025 14:00,89.1,63.99
11/15/2025 14:15,89.1,64.8575
11/15/2025 14:30,89.1,65.725
11/15/2025 14:45,89.1,66.5925
11/15/2025 15:00,89.1,67.46
11/15/2025 15:15,88.64999999999999,67.5275
11/15/2025 15:30,88.19999999999999,67.595
11/15/2025 15:45,87.75,67.6625
11/15/2025 16:00,87.3,67.73
11/15/2025 16:15,86.45,69.67
11/15/2025 16:30,85.6,71.61
11/15/2025 16:45,84.75,73.55
11/15/2025 17:00,83.9,75.49
11/15/2025 17:15,82.5,80.33749999999999
11/15/2025 17:30,81.1,85.185
11/15/2025 17:45,79.7,90.0325
11/15/2025 18:00,78.3,94.88
11/15/2025 18:15,78.3,94.88
11/15/2025 18:30,78.3,94.88
11/15/2025 18:45,78.3,94.88
11/15/2025 19:00,78.3,94.88
11/15/2025 19:15,78.35,94.7175
11/15/2025 19:30,78.4,94.555
11/15/2025 19:45,78.45,94.3925
11/15/2025 20:00,78.5,94.23
11/15/2025 20:15,78.5,94.23
11/15/2025 20:30,78.5,94.23
11/15/2025 20:45,78.5,94.23
11/15/2025 21:00,78.5,94.23
11/15/2025 21:15,78.5,94.23
11/15/2025 21:30,78.5,94.23
11/15/2025 21:45,78.5,94.23
11/15/2025 22:00,78.5,94.23
11/15/2025 22:15,78.5,94.23
11/15/2025 22:30,78.5,94.23
11/15/2025 22:45,78.5,94.23
11/15/2025 23:00,78.5,94.23
11/15/2025 23:15,78.5,94.23
11/15/2025 23:30,78.5,94.23
11/15/2025 23:45,78.5,94.23
11/16/2025 0:00,78.5,94.23
11/16/2025 0:15,78.45,94.3925
11/16/2025 0:30,78.4,94.555
11/16/2025 0:45,78.35,94.7175
11/16/2025 1:00,78.3,94.88
11/16/2025 1:15,78.35,94.7175
11/16/2025 1:30,78.4,94.555
11/16/2025 1:45,78.45,94.3925
11/16/2025 2:00,78.5,94.23
11/16/2025 2:15,78.45,93.0125
11/16/2025 2:30,78.4,91.795
11/16/2025 2:45,78.35,90.5775
11/16/2025 3:00,78.3,89.36
11/16/2025 3:15,78.3,89.36
11/16/2025 3:30,78.3,89.36
11/16/2025 3:45,78.3,89.36
11/16/2025 4:00,78.3,89.36
11/16/2025 4:15,78.3,90.575
11/16/2025 4:30,78.3,91.78999999999999
11/16/2025 4:45,78.3,93.005
11/16/2025 5:00,78.3,94.22
11/16/2025 5:15,78.3,93.005
11/16/2025 5:30,78.3,91.78999999999999
11/16/2025 5:45,78.3,90.575
11/16/2025 6:00,78.3,89.36
11/16/2025 6:15,78.3,89.36
11/16/2025 6:30,78.3,89.36
11/16/2025 6:45,78.3,89.36
11/16/2025 7:00,78.3,89.36
11/16/2025 7:15,78.3,89.36
11/16/2025 7:30,78.3,89.36
11/16/2025 7:45,78.3,89.36
11/16/2025 8:00,78.3,89.36
11/16/2025 8:15,78.35,89.2075
11/16/2025 8:30,78.4,89.055
11/16/2025 8:45,78.45,88.9025
11/16/2025 9:00,78.5,88.75
11/16/2025 9:15,78.95,87.47749999999999
11/16/2025 9:30,79.4,86.205
11/16/2025 9:45,79.85,84.9325
11/16/2025 10:00,80.3,83.66
11/16/2025 10:15,81.2,81.485
11/16/2025 10:30,82.1,79.31
11/16/2025 10:45,83,77.13499999999999
11/16/2025 11:00,83.9,74.96
11/16/2025 11:15,83.95,74.835
11/16/2025 11:30,84,74.71
11/16/2025 11:45,84.05,74.585
11/16/2025 12:00,84.1,74.46
11/16/2025 12:15,85,72.4375
11/16/2025 12:30,85.9,70.41499999999999
11/16/2025 12:45,86.8,68.3925
11/16/2025 13:00,87.7,66.37
11/16/2025 13:15,88.55,63.917500000000004
11/16/2025 13:30,89.4,61.465
11/16/2025 13:45,90.25,59.0125
11/16/2025 14:00,91.1,56.56
11/16/2025 14:15,91.05,56.005
11/16/2025 14:30,91,55.45
11/16/2025 14:45,90.95,54.895
11/16/2025 15:00,90.9,54.34
11/16/2025 15:15,90.05000000000001,57.46
11/16/2025 15:30,89.2,60.58
11/16/2025 15:45,88.35,63.699999999999996
11/16/2025 16:00,87.5,66.82
11/16/2025 16:15,86.5,70.005
11/16/2025 16:30,85.5,73.19
11/16/2025 16:45,84.5,76.375
11/16/2025 17:00,83.5,79.56
11/16/2025 17:15,82.3,81.8575
11/16/2025 17:30,81.1,84.155
11/16/2025 17:45,79.9,86.4525
11/16/2025 18:00,78.7,88.75
11/16/2025 18:15,78.7,89.9575
11/16/2025 18:30,78.7,91.16499999999999
11/16/2025 18:45,78.7,92.3725
11/16/2025 19:00,78.7,93.58
11/16/2025 19:15,78.7,93.58
11/16/2025 19:30,78.7,93.58
11/16/2025 19:45,78.7,93.58
11/16/2025 20:00,78.7,93.58
11/16/2025 20:15,78.7,93.58
11/16/2025 20:30,78.7,93.58
11/16/2025 20:45,78.7,93.58
11/16/2025 21:00,78.7,93.58
11/16/2025 21:15,78.65,93.7425
11/16/2025 21:30,78.6,93.905
11/16/2025 21:45,78.55,94.0675
11/16/2025 22:00,78.5,94.23
11/16/2025 22:15,78.5,94.23
11/16/2025 22:30,78.5,94.23
11/16/2025 22:45,78.5,94.23
11/16/2025 23:00,78.5,94.23
11/16/2025 23:15,78.5,94.23
11/16/2025 23:30,78.5,94.23
11/16/2025 23:45,78.5,94.23
11/17/2025 0:00,78.5,94.23
11/17/2025 0:15,78.5,94.23
11/17/2025 0:30,78.5,94.23
11/17/2025 0:45,78.5,94.23
11/17/2025 1:00,78.5,94.23
11/17/2025 1:15,78.55,92.86
11/17/2025 1:30,78.6,91.49000000000001
11/17/2025 1:45,78.65,90.12
11/17/2025 2:00,78.7,88.75
11/17/2025 2:15,78.25,90.11
11/17/2025 2:30,77.80000000000001,91.47
11/17/2025 2:45,77.35000000000001,92.83
11/17/2025 3:00,76.9,94.19
11/17/2025 3:15,76.9,94.19
11/17/2025 3:30,76.9,94.19
11/17/2025 3:45,76.9,94.19
11/17/2025 4:00,76.9,94.19
11/17/2025 4:15,76.9,94.19
11/17/2025 4:30,76.9,94.19
11/17/2025 4:45,76.9,94.19
11/17/2025 5:00,76.9,94.19
11/17/2025 5:15,76.9,94.19
11/17/2025 5:30,76.9,94.19
11/17/2025 5:45,76.9,94.19
11/17/2025 6:00,76.9,94.19
11/17/2025 6:15,76.85000000000001,94.35499999999999
11/17/2025 6:30,76.80000000000001,94.52
11/17/2025 6:45,76.75,94.685
11/17/2025 7:00,76.7,94.85
11/17/2025 7:15,77.15,94.695
11/17/2025 7:30,77.6,94.53999999999999
11/17/2025 7:45,78.05,94.385
11/17/2025 8:00,78.5,94.23
11/17/2025 8:15,78.95,92.8775
11/17/2025 8:30,79.4,91.525
11/17/2025 8:45,79.85,90.1725
11/17/2025 9:00,80.3,88.82
11/17/2025 9:15,80.8,87.41499999999999
11/17/2025 9:30,81.3,86.00999999999999
11/17/2025 9:45,81.8,84.605
11/17/2025 10:00,82.3,83.2
11/17/2025 10:15,82.75,82.025
11/17/2025 10:30,83.19999999999999,80.85
11/17/2025 10:45,83.64999999999999,79.675
11/17/2025 11:00,84.1,78.5
11/17/2025 11:15,84.94999999999999,75.58
11/17/2025 11:30,85.8,72.66
11/17/2025 11:45,86.65,69.74
11/17/2025 12:00,87.5,66.82
11/17/2025 12:15,87.55,66.7075
11/17/2025 12:30,87.6,66.595
11/17/2025 12:45,87.65,66.4825
11/17/2025 13:00,87.7,66.37
11/17/2025 13:15,88.15,65.5625
11/17/2025 13:30,88.6,64.755
11/17/2025 13:45,89.05,63.947500000000005
11/17/2025 14:00,89.5,63.14
11/17/2025 14:15,89.05,64.9725
11/17/2025 14:30,88.6,66.805
11/17/2025 14:45,88.15,68.6375
11/17/2025 15:00,87.7,70.47
11/17/2025 15:15,87.25,70.4225
11/17/2025 15:30,86.80000000000001,70.375
11/17/2025 15:45,86.35000000000001,70.3275
11/17/2025 16:00,85.9,70.28
11/17/2025 16:15,85.9,71.235
11/17/2025 16:30,85.9,72.19
11/17/2025 16:45,85.9,73.145
11/17/2025 17:00,85.9,74.1
11/17/2025 17:15,83.85000000000001,77.4425
11/17/2025 17:30,81.80000000000001,80.785
11/17/2025 17:45,79.75,84.1275
11/17/2025 18:00,77.7,87.47
11/17/2025 18:15,77.65,88.66499999999999
11/17/2025 18:30,77.6,89.86
11/17/2025 18:45,77.55,91.055
11/17/2025 19:00,77.5,92.25
11/17/2025 19:15,77.85,91.2225
11/17/2025 19:30,78.2,90.195
11/17/2025 19:45,78.55000000000001,89.1675
11/17/2025 20:00,78.9,88.14
11/17/2025 20:15,78.9,88.14
11/17/2025 20:30,78.9,88.14
11/17/2025 20:45,78.9,88.14
11/17/2025 21:00,78.9,88.14
11/17/2025 21:15,78.9,88.14
11/17/2025 21:30,78.9,88.14
11/17/2025 21:45,78.9,88.14
11/17/2025 22:00,78.9,88.14
11/17/2025 22:15,78.85000000000001,88.2925
11/17/2025 22:30,78.80000000000001,88.445
11/17/2025 22:45,78.75,88.5975
11/17/2025 23:00,78.7,88.75
11/17/2025 23:15,78.7,88.75
11/17/2025 23:30,78.7,88.75
11/17/2025 23:45,78.7,88.75
11/18/2025 0:00,78.7,88.75
11/18/2025 0:15,78.65,88.905
11/18/2025 0:30,78.6,89.06
11/18/2025 0:45,78.55,89.215
11/18/2025 1:00,78.5,89.37
11/18/2025 1:15,78.1,90.575
11/18/2025 1:30,77.7,91.78
11/18/2025 1:45,77.30000000000001,92.985
11/18/2025 2:00,76.9,94.19
11/18/2025 2:15,77.30000000000001,94.2
11/18/2025 2:30,77.7,94.21000000000001
11/18/2025 2:45,78.1,94.22
11/18/2025 3:00,78.5,94.23
11/18/2025 3:15,78.5,94.23
11/18/2025 3:30,78.5,94.23
11/18/2025 3:45,78.5,94.23
11/18/2025 4:00,78.5,94.23
11/18/2025 4:15,78.5,93.1725
11/18/2025 4:30,78.5,92.11500000000001
11/18/2025 4:45,78.5,91.0575
11/18/2025 5:00,78.5,90
11/18/2025 5:15,78.5,89.8425
11/18/2025 5:30,78.5,89.685
11/18/2025 5:45,78.5,89.5275
11/18/2025 6:00,78.5,89.37
11/18/2025 6:15,78.5,90.58500000000001
11/18/2025 6:30,78.5,91.80000000000001
11/18/2025 6:45,78.5,93.015
11/18/2025 7:00,78.5,94.23
11/18/2025 7:15,78.5,93.015
11/18/2025 7:30,78.5,91.80000000000001
11/18/2025 7:45,78.5,90.58500000000001
11/18/2025 8:00,78.5,89.37
11/18/2025 8:15,78.5,89.37
11/18/2025 8:30,78.5,89.37
11/18/2025 8:45,78.5,89.37
11/18/2025 9:00,78.5,89.37
11/18/2025 9:15,79,89.235
11/18/2025 9:30,79.5,89.1
11/18/2025 9:45,80,88.965
11/18/2025 10:00,80.5,88.83
11/18/2025 10:15,81,87.425
11/18/2025 10:30,81.5,86.02
11/18/2025 10:45,82,84.615
11/18/2025 11:00,82.5,83.21
11/18/2025 11:15,82.95,80.8975
11/18/2025 11:30,83.4,78.585
11/18/2025 11:45,83.85,76.2725
11/18/2025 12:00,84.3,73.96
11/18/2025 12:15,85.15,72.0625
11/18/2025 12:30,86,70.16499999999999
11/18/2025 12:45,86.85,68.2675
11/18/2025 13:00,87.7,66.37
11/18/2025 13:15,88.15,65.4525
11/18/2025 13:30,88.6,64.535
11/18/2025 13:45,89.05,63.61750000000001
11/18/2025 14:00,89.5,62.7
11/18/2025 14:15,89.1,62.7625
11/18/2025 14:30,88.7,62.825
11/18/2025 14:45,88.30000000000001,62.8875
11/18/2025 15:00,87.9,62.95
11/18/2025 15:15,87.85000000000001,63.9225
11/18/2025 15:30,87.80000000000001,64.89500000000001
11/18/2025 15:45,87.75,65.8675
11/18/2025 16:00,87.7,66.84
11/18/2025 16:15,87.7,66.6075
11/18/2025 16:30,87.7,66.375
11/18/2025 16:45,87.7,66.1425
11/18/2025 17:00,87.7,65.91
11/18/2025 17:15,87.65,67.045
11/18/2025 17:30,87.6,68.18
11/18/2025 17:45,87.55,69.315
11/18/2025 18:00,87.5,70.45
11/18/2025 18:15,86.6,72.5975
11/18/2025 18:30,85.7,74.745
11/18/2025 18:45,84.80000000000001,76.89250000000001
11/18/2025 19:00,83.9,79.04
11/18/2025 19:15,83.5,79.00750000000001
11/18/2025 19:30,83.1,78.975
11/18/2025 19:45,82.7,78.9425
11/18/2025 20:00,82.3,78.91
11/18/2025 20:15,82.3,78.91
11/18/2025 20:30,82.3,78.91
11/18/2025 20:45,82.3,78.91
11/18/2025 21:00,82.3,78.91
11/18/2025 21:15,82.25,79.185
11/18/2025 21:30,82.19999999999999,79.46000000000001
11/18/2025 21:45,82.14999999999999,79.735
11/18/2025 22:00,82.1,80.01
11/18/2025 22:15,82.05,80.00750000000001
11/18/2025 22:30,82,80.005
11/18/2025 22:45,81.95,80.0025
11/18/2025 23:00,81.9,80
11/18/2025 23:15,81.4,81.205
11/18/2025 23:30,80.9,82.41
11/18/2025 23:45,80.4,83.615
11/19/2025 0:00,79.9,84.82
11/19/2025 0:15,79.9,85.9725
11/19/2025 0:30,79.9,87.125
11/19/2025 0:45,79.9,88.2775
11/19/2025 1:00,79.9,89.43
11/19/2025 1:15,79.5,90.6275
11/19/2025 1:30,79.1,91.825
11/19/2025 1:45,78.7,93.02250000000001
11/19/2025 2:00,78.3,94.22
11/19/2025 2:15,78.3,94.22
11/19/2025 2:30,78.3,94.22
11/19/2025 2:45,78.3,94.22
11/19/2025 3:00,78.3,94.22
11/19/2025 3:15,78.3,94.38499999999999
11/19/2025 3:30,78.3,94.55
11/19/2025 3:45,78.3,94.715
11/19/2025 4:00,78.3,94.88
11/19/2025 4:15,78.3,94.715
11/19/2025 4:30,78.3,94.55
11/19/2025 4:45,78.3,94.38499999999999
11/19/2025 5:00,78.3,94.22
11/19/2025 5:15,78.3,94.22
11/19/2025 5:30,78.3,94.22
11/19/2025 5:45,78.3,94.22
11/19/2025 6:00,78.3,94.22
11/19/2025 6:15,78.3,94.38499999999999
11/19/2025 6:30,78.3,94.55
11/19/2025 6:45,78.3,94.715
11/19/2025 7:00,78.3,94.88
11/19/2025 7:15,78.35,94.7175
11/19/2025 7:30,78.4,94.555
11/19/2025 7:45,78.45,94.3925
11/19/2025 8:00,78.5,94.23
11/19/2025 8:15,78.55,92.86
11/19/2025 8:30,78.6,91.49000000000001
11/19/2025 8:45,78.65,90.12
11/19/2025 9:00,78.7,88.75
11/19/2025 9:15,79.6,87.3625
11/19/2025 9:30,80.5,85.975
11/19/2025 9:45,81.4,84.5875
11/19/2025 10:00,82.3,83.2
11/19/2025 10:15,83.15,80.09
11/19/2025 10:30,84,76.98
11/19/2025 10:45,84.85,73.87
11/19/2025 11:00,85.7,70.76
11/19/2025 11:15,86.15,69.775
11/19/2025 11:30,86.6,68.78999999999999
11/19/2025 11:45,87.05,67.80499999999999
11/19/2025 12:00,87.5,66.82
11/19/2025 12:15,87.5,66.82
11/19/2025 12:30,87.5,66.82
11/19/2025 12:45,87.5,66.82
11/19/2025 13:00,87.5,66.82
11/19/2025 13:15,87.9,65.88749999999999
11/19/2025 13:30,88.3,64.955
11/19/2025 13:45,88.69999999999999,64.02250000000001
11/19/2025 14:00,89.1,63.09
11/19/2025 14:15,88.55,65.41
11/19/2025 14:30,88,67.73
11/19/2025 14:45,87.45,70.05000000000001
11/19/2025 15:00,86.9,72.37
11/19/2025 15:15,85.80000000000001,74.01
11/19/2025 15:30,84.7,75.65
11/19/2025 15:45,83.6,77.29
11/19/2025 16:00,82.5,78.93
11/19/2025 16:15,82.85,76.965
11/19/2025 16:30,83.2,75
11/19/2025 16:45,83.55000000000001,73.035
11/19/2025 17:00,83.9,71.07
11/19/2025 17:15,83.9,73.19999999999999
11/19/2025 17:30,83.9,75.33
11/19/2025 17:45,83.9,77.46000000000001
11/19/2025 18:00,83.9,79.59
11/19/2025 18:15,83.5,80.4925
11/19/2025 18:30,83.1,81.39500000000001
11/19/2025 18:45,82.7,82.2975
11/19/2025 19:00,82.3,83.2
11/19/2025 19:15,82.3,83.2
11/19/2025 19:30,82.3,83.2
11/19/2025 19:45,82.3,83.2
11/19/2025 20:00,82.3,83.2
11/19/2025 20:15,81.85,82.2325
11/19/2025 20:30,81.4,81.265
11/19/2025 20:45,80.95,80.2975
11/19/2025 21:00,80.5,79.33
11/19/2025 21:15,80.5,80.41499999999999
11/19/2025 21:30,80.5,81.5
11/19/2025 21:45,80.5,82.58500000000001
11/19/2025 22:00,80.5,83.67
11/19/2025 22:15,80.5,83.67
11/19/2025 22:30,80.5,83.67
11/19/2025 22:45,80.5,83.67
11/19/2025 23:00,80.5,83.67
11/19/2025 23:15,80.5,83.67
11/19/2025 23:30,80.5,83.67
11/19/2025 23:45,80.5,83.67
11/20/2025 0:00,80.5,83.67
11/20/2025 0:15,80.45,82.7225
11/20/2025 0:30,80.4,81.775
11/20/2025 0:45,80.35,80.8275
11/20/2025 1:00,80.3,79.88
11/20/2025 1:15,79.9,82.0975
11/20/2025 1:30,79.5,84.315
11/20/2025 1:45,79.1,86.5325
11/20/2025 2:00,78.7,88.75
11/20/2025 2:15,78.7,88.75
11/20/2025 2:30,78.7,88.75
11/20/2025 2:45,78.7,88.75
11/20/2025 3:00,78.7,88.75
11/20/2025 3:15,78.65,88.905
11/20/2025 3:30,78.6,89.06
11/20/2025 3:45,78.55,89.215
11/20/2025 4:00,78.5,89.37
11/20/2025 4:15,78.5,89.37
11/20/2025 4:30,78.5,89.37
11/20/2025 4:45,78.5,89.37
11/20/2025 5:00,78.5,89.37
11/20/2025 5:15,78.5,89.37
11/20/2025 5:30,78.5,89.37
11/20/2025 5:45,78.5,89.37
11/20/2025 6:00,78.5,89.37
11/20/2025 6:15,78.1,90.575
11/20/2025 6:30,77.7,91.78
11/20/2025 6:45,77.30000000000001,92.985
11/20/2025 7:00,76.9,94.19
11/20/2025 7:15,76.9,92.9675
11/20/2025 7:30,76.9,91.745
11/20/2025 7:45,76.9,90.5225
11/20/2025 8:00,76.9,89.3
11/20/2025 8:15,76.9,90.5225
11/20/2025 8:30,76.9,91.745
11/20/2025 8:45,76.9,92.9675
11/20/2025 9:00,76.9,94.19
11/20/2025 9:15,77.35000000000001,92.9875
11/20/2025 9:30,77.80000000000001,91.785
11/20/2025 9:45,78.25,90.5825
11/20/2025 10:00,78.7,89.38
11/20/2025 10:15,79.15,89.24249999999999
11/20/2025 10:30,79.6,89.10499999999999
11/20/2025 10:45,80.05,88.9675
11/20/2025 11:00,80.5,88.83
11/20/2025 11:15,81.8,84.3125
11/20/2025 11:30,83.1,79.795
11/20/2025 11:45,84.4,75.2775
11/20/2025 12:00,85.7,70.76
11/20/2025 12:15,85.7,71.72
11/20/2025 12:30,85.7,72.68
11/20/2025 12:45,85.7,73.64
11/20/2025 13:00,85.7,74.6
11/20/2025 13:15,85.8,73.4025
11/20/2025 13:30,85.9,72.205
11/20/2025 13:45,86,71.0075
11/20/2025 14:00,86.1,69.81
11/20/2025 14:15,86.05,69.0175
11/20/2025 14:30,86,68.225
11/20/2025 14:45,85.95,67.4325
11/20/2025 15:00,85.9,66.64
11/20/2025 15:15,85.9,67.55
11/20/2025 15:30,85.9,68.46000000000001
11/20/2025 15:45,85.9,69.37
11/20/2025 16:00,85.9,70.28
11/20/2025 16:15,85.85000000000001,69.4825
11/20/2025 16:30,85.80000000000001,68.685
11/20/2025 16:45,85.75,67.8875
11/20/2025 17:00,85.7,67.09
11/20/2025 17:15,85.7,67.88250000000001
11/20/2025 17:30,85.7,68.67500000000001
11/20/2025 17:45,85.7,69.4675
11/20/2025 18:00,85.7,70.26
11/20/2025 18:15,84.85,72.4225
11/20/2025 18:30,84,74.58500000000001
11/20/2025 18:45,83.15,76.7475
11/20/2025 19:00,82.3,78.91
11/20/2025 19:15,82.3,78.91
11/20/2025 19:30,82.3,78.91
11/20/2025 19:45,82.3,78.91
11/20/2025 20:00,82.3,78.91
11/20/2025 20:15,82.3,78.91
11/20/2025 20:30,82.3,78.91
11/20/2025 20:45,82.3,78.91
11/20/2025 21:00,82.3,78.91
11/20/2025 21:15,81.85,80.1
11/20/2025 21:30,81.4,81.28999999999999
11/20/2025 21:45,80.95,82.48
11/20/2025 22:00,80.5,83.67
11/20/2025 22:15,80.5,83.67
11/20/2025 22:30,80.5,83.67
11/20/2025 22:45,80.5,83.67
11/20/2025 23:00,80.5,83.67
11/20/2025 23:15,80.45,83.9625
11/20/2025 23:30,80.4,84.255
11/20/2025 23:45,80.35,84.5475
11/21/2025 0:00,80.3,84.84
11/21/2025 0:15,80.35,84.5475
11/21/2025 0:30,80.4,84.255
11/21/2025 0:45,80.45,83.9625
11/21/2025 1:00,80.5,83.67
11/21/2025 1:15,80.05,84.94
11/21/2025 1:30,79.6,86.21000000000001
11/21/2025 1:45,79.15,87.48
11/21/2025 2:00,78.7,88.75
11/21/2025 2:15,78.65,88.905
11/21/2025 2:30,78.6,89.06
11/21/2025 2:45,78.55,89.215
11/21/2025 3:00,78.5,89.37
11/21/2025 3:15,78.55,89.215
11/21/2025 3:30,78.6,89.06
11/21/2025 3:45,78.65,88.905
11/21/2025 4:00,78.7,88.75
11/21/2025 4:15,78.65,88.905
11/21/2025 4:30,78.6,89.06
11/21/2025 4:45,78.55,89.215
11/21/2025 5:00,78.5,89.37
11/21/2025 5:15,78.5,89.37
11/21/2025 5:30,78.5,89.37
11/21/2025 5:45,78.5,89.37
11/21/2025 6:00,78.5,89.37
11/21/2025 6:15,78.05,90.74000000000001
11/21/2025 6:30,77.6,92.11
11/21/2025 6:45,77.15,93.47999999999999
11/21/2025 7:00,76.7,94.85
11/21/2025 7:15,76.75,94.685
11/21/2025 7:30,76.80000000000001,94.52
11/21/2025 7:45,76.85000000000001,94.35499999999999
11/21/2025 8:00,76.9,94.19
11/21/2025 8:15,77.30000000000001,92.985
11/21/2025 8:30,77.7,91.78
11/21/2025 8:45,78.1,90.575
11/21/2025 9:00,78.5,89.37
11/21/2025 9:15,79.3,88.25750000000001
11/21/2025 9:30,80.1,87.14500000000001
11/21/2025 9:45,80.9,86.0325
11/21/2025 10:00,81.7,84.92
11/21/2025 10:15,81.75,83.69
11/21/2025 10:30,81.80000000000001,82.46000000000001
11/21/2025 10:45,81.85000000000001,81.23
11/21/2025 11:00,81.9,80
11/21/2025 11:15,82.75,77.9275
11/21/2025 11:30,83.6,75.85499999999999
11/21/2025 11:45,84.45,73.7825
11/21/2025 12:00,85.3,71.71
11/21/2025 12:15,85.35,72.69
11/21/2025 12:30,85.4,73.66999999999999
11/21/2025 12:45,85.45,74.64999999999999
11/21/2025 13:00,85.5,75.63
11/21/2025 13:15,84.35,78.47749999999999
11/21/2025 13:30,83.2,81.32499999999999
11/21/2025 13:45,82.05000000000001,84.1725
11/21/2025 14:00,80.9,87.02
11/21/2025 14:15,80.17500000000001,88.17
11/21/2025 14:30,79.45,89.32
11/21/2025 14:45,78.725,90.47
11/21/2025 15:00,78,91.62
11/21/2025 15:15,78.375,91.63250000000001
11/21/2025 15:30,78.75,91.64500000000001
11/21/2025 15:45,79.125,91.6575
11/21/2025 16:00,79.5,91.67
11/21/2025 16:15,79.9,90.51
11/21/2025 16:30,80.3,89.35
11/21/2025 16:45,80.69999999999999,88.19
11/21/2025 17:00,81.1,87.03
11/21/2025 17:15,81.44999999999999,86.075
11/21/2025 17:30,81.8,85.12
11/21/2025 17:45,82.15,84.16499999999999
11/21/2025 18:00,82.5,83.21
11/21/2025 18:15,82.5,84.3325
11/21/2025 18:30,82.5,85.455
11/21/2025 18:45,82.5,86.5775
11/21/2025 19:00,82.5,87.7
11/21/2025 19:15,82.05,87.68
11/21/2025 19:30,81.6,87.66
11/21/2025 19:45,81.15,87.64
11/21/2025 20:00,80.7,87.62
11/21/2025 20:15,80.65,87.77000000000001
11/21/2025 20:30,80.6,87.92
11/21/2025 20:45,80.55,88.07
11/21/2025 21:00,80.5,88.22
11/21/2025 21:15,80.1,89.39750000000001
11/21/2025 21:30,79.7,90.575
11/21/2025 21:45,79.30000000000001,91.7525
11/21/2025 22:00,78.9,92.93
11/21/2025 22:15,78.9,92.93
11/21/2025 22:30,78.9,92.93
11/21/2025 22:45,78.9,92.93
11/21/2025 23:00,78.9,92.93
11/21/2025 23:15,78.85000000000001,93.0925
11/21/2025 23:30,78.80000000000001,93.255
11/21/2025 23:45,78.75,93.4175
11/22/2025 0:00,78.7,93.58
11/22/2025 0:15,78.7,93.58
11/22/2025 0:30,78.7,93.58
11/22/2025 0:45,78.7,93.58
11/22/2025 1:00,78.7,93.58
11/22/2025 1:15,79.1,92.39
11/22/2025 1:30,79.5,91.19999999999999
11/22/2025 1:45,79.9,90.00999999999999
11/22/2025 2:00,80.3,88.82
11/22/2025 2:15,79.85,90.335
11/22/2025 2:30,79.4,91.85
11/22/2025 2:45,78.95,93.365
11/22/2025 3:00,78.5,94.88
11/22/2025 3:15,78.5,94.88
11/22/2025 3:30,78.5,94.88
11/22/2025 3:45,78.5,94.88
11/22/2025 4:00,78.5,94.88
11/22/2025 4:15,78.5,94.88
11/22/2025 4:30,78.5,94.88
11/22/2025 4:45,78.5,94.88
11/22/2025 5:00,78.5,94.88
11/22/2025 5:15,78.5,94.88
11/22/2025 5:30,78.5,94.88
11/22/2025 5:45,78.5,94.88
11/22/2025 6:00,78.5,94.88
11/22/2025 6:15,78.5,93.66
11/22/2025 6:30,78.5,92.44
11/22/2025 6:45,78.5,91.22
11/22/2025 7:00,78.5,90
11/22/2025 7:15,78.55,89.845
11/22/2025 7:30,78.6,89.69
11/22/2025 7:45,78.65,89.535
11/22/2025 8:00,78.7,89.38
11/22/2025 8:15,79.55,88.1225
11/22/2025 8:30,80.4,86.865
11/22/2025 8:45,81.25,85.60749999999999
11/22/2025 9:00,82.1,84.35
11/22/2025 9:15,82.6,82.0075
11/22/2025 9:30,83.1,79.66499999999999
11/22/2025 9:45,83.6,77.3225
11/22/2025 10:00,84.1,74.98
11/22/2025 10:15,84.5,73.00750000000001
11/22/2025 10:30,84.9,71.035
11/22/2025 10:45,85.3,69.0625
11/22/2025 11:00,85.7,67.09
11/22/2025 11:15,86.55,65.3775
11/22/2025 11:30,87.4,63.665000000000006
11/22/2025 11:45,88.25,61.9525
11/22/2025 12:00,89.1,60.24
11/22/2025 12:15,89.55,59.4125
11/22/2025 12:30,90,58.585
11/22/2025 12:45,90.45,57.7575
11/22/2025 13:00,90.9,56.93
11/22/2025 13:15,90.9,57.71
11/22/2025 13:30,90.9,58.489999999999995
11/22/2025 13:45,90.9,59.269999999999996
11/22/2025 14:00,90.9,60.05
11/22/2025 14:15,90.95,59.277499999999996
11/22/2025 14:30,91,58.504999999999995
11/22/2025 14:45,91.05,57.7325
11/22/2025 15:00,91.1,56.96
11/22/2025 15:15,91.05,57.0525
11/22/2025 15:30,91,57.144999999999996
11/22/2025 15:45,90.95,57.2375
11/22/2025 16:00,90.9,57.33
11/22/2025 16:15,90.45,58.165
11/22/2025 16:30,90,59
11/22/2025 16:45,89.55,59.835
11/22/2025 17:00,89.1,60.67
11/22/2025 17:15,88.64999999999999,62.435
11/22/2025 17:30,88.19999999999999,64.2
11/22/2025 17:45,87.75,65.965
11/22/2025 18:00,87.3,67.73
11/22/2025 18:15,86.85,68.73
11/22/2025 18:30,86.4,69.73
11/22/2025 18:45,85.95,70.73
11/22/2025 19:00,85.5,71.73
11/22/2025 19:15,85.05,73.83
11/22/2025 19:30,84.6,75.93
11/22/2025 19:45,84.15,78.03
11/22/2025 20:00,83.7,80.13
11/22/2025 20:15,83.7,80.27
11/22/2025 20:30,83.7,80.41
11/22/2025 20:45,83.7,80.55
11/22/2025 21:00,83.7,80.69
11/22/2025 21:15,83.7,79.5175
11/22/2025 21:30,83.7,78.345
11/22/2025 21:45,83.7,77.1725
11/22/2025 22:00,83.7,76
11/22/2025 22:15,83.3,78.0875
11/22/2025 22:30,82.9,80.175
11/22/2025 22:45,82.5,82.26249999999999
11/22/2025 23:00,82.1,84.35
11/22/2025 23:15,82.1,84.35
11/22/2025 23:30,82.1,84.35
11/22/2025 23:45,82.1,84.35
11/23/2025 0:00,82.1,84.35
11/23/2025 0:15,82.1,84.35
11/23/2025 0:30,82.1,84.35
11/23/2025 0:45,82.1,84.35
11/23/2025 1:00,82.1,84.35
11/23/2025 1:15,81.69999999999999,85.47
11/23/2025 1:30,81.3,86.59
11/23/2025 1:45,80.9,87.71
11/23/2025 2:00,80.5,88.83
11/23/2025 2:15,80.45,87.8325
11/23/2025 2:30,80.4,86.83500000000001
11/23/2025 2:45,80.35,85.8375
11/23/2025 3:00,80.3,84.84
11/23/2025 3:15,80.3,84.84
11/23/2025 3:30,80.3,84.84
11/23/2025 3:45,80.3,84.84
11/23/2025 4:00,80.3,84.84
11/23/2025 4:15,80.3,84.6925
11/23/2025 4:30,80.3,84.545
11/23/2025 4:45,80.3,84.39750000000001
11/23/2025 5:00,80.3,84.25
11/23/2025 5:15,79.9,85.5325
11/23/2025 5:30,79.5,86.815
11/23/2025 5:45,79.1,88.0975
11/23/2025 6:00,78.7,89.38
11/23/2025 6:15,78.7,89.38
11/23/2025 6:30,78.7,89.38
11/23/2025 6:45,78.7,89.38
11/23/2025 7:00,78.7,89.38
11/23/2025 7:15,78.7,89.38
11/23/2025 7:30,78.7,89.38
11/23/2025 7:45,78.7,89.38
11/23/2025 8:00,78.7,89.38
11/23/2025 8:15,78.75,89.225
11/23/2025 8:30,78.80000000000001,89.07
11/23/2025 8:45,78.85000000000001,88.915
11/23/2025 9:00,78.9,88.76
11/23/2025 9:15,80.2,85.185
11/23/2025 9:30,81.5,81.61
11/23/2025 9:45,82.8,78.035
11/23/2025 10:00,84.1,74.46
11/23/2025 10:15,84.1,74.59
11/23/2025 10:30,84.1,74.72
11/23/2025 10:45,84.1,74.85
11/23/2025 11:00,84.1,74.98
11/23/2025 11:15,84.55,73.805
11/23/2025 11:30,85,72.63
11/23/2025 11:45,85.45,71.455
11/23/2025 12:00,85.9,70.28
11/23/2025 12:15,86.30000000000001,68.5475
11/23/2025 12:30,86.7,66.815
11/23/2025 12:45,87.1,65.0825
11/23/2025 13:00,87.5,63.35
11/23/2025 13:15,87.5,63.35
11/23/2025 13:30,87.5,63.35
11/23/2025 13:45,87.5,63.35
11/23/2025 14:00,87.5,63.35
11/23/2025 14:15,87.1,65.0825
11/23/2025 14:30,86.7,66.815
11/23/2025 14:45,86.30000000000001,68.5475
11/23/2025 15:00,85.9,70.28
11/23/2025 15:15,84.30000000000001,75.4675
11/23/2025 15:30,82.7,80.655
11/23/2025 15:45,81.1,85.8425
11/23/2025 16:00,79.5,91.03
11/23/2025 16:15,79.85,88.905
11/23/2025 16:30,80.2,86.78
11/23/2025 16:45,80.55000000000001,84.655
11/23/2025 17:00,80.9,82.53
11/23/2025 17:15,80,85.12
11/23/2025 17:30,79.1,87.71000000000001
11/23/2025 17:45,78.2,90.3
11/23/2025 18:00,77.3,92.89
11/23/2025 18:15,77.2,93.215
11/23/2025 18:30,77.1,93.53999999999999
11/23/2025 18:45,77,93.865
11/23/2025 19:00,76.9,94.19
11/23/2025 19:15,76.9,94.19
11/23/2025 19:30,76.9,94.19
11/23/2025 19:45,76.9,94.19
11/23/2025 20:00,76.9,94.19
11/23/2025 20:15,76.9,94.19
11/23/2025 20:30,76.9,94.19
11/23/2025 20:45,76.9,94.19
11/23/2025 21:00,76.9,94.19
11/23/2025 21:15,77.30000000000001,92.985
11/23/2025 21:30,77.7,91.78
11/23/2025 21:45,78.1,90.575
11/23/2025 22:00,78.5,89.37
11/23/2025 22:15,78.5,90.58500000000001
11/23/2025 22:30,78.5,91.80000000000001
11/23/2025 22:45,78.5,93.015
11/23/2025 23:00,78.5,94.23
11/23/2025 23:15,78.5,94.23
11/23/2025 23:30,78.5,94.23
11/23/2025 23:45,78.5,94.23
11/24/2025 0:00,78.5,94.23
11/24/2025 0:15,78.5,94.3925
11/24/2025 0:30,78.5,94.555
11/24/2025 0:45,78.5,94.7175
11/24/2025 1:00,78.5,94.88
11/24/2025 1:15,78.1,94.7075
11/24/2025 1:30,77.7,94.535
11/24/2025 1:45,77.30000000000001,94.3625
11/24/2025 2:00,76.9,94.19
11/24/2025 2:15,76.9,94.19
11/24/2025 2:30,76.9,94.19
11/24/2025 2:45,76.9,94.19
11/24/2025 3:00,76.9,94.19
11/24/2025 3:15,76.45,95.6425
11/24/2025 3:30,76,97.095
11/24/2025 3:45,75.55,98.5475
11/24/2025 4:00,75.1,100
11/24/2025 4:15,75.1,100
11/24/2025 4:30,75.1,100
11/24/2025 4:45,75.1,100
11/24/2025 5:00,75.1,100
11/24/2025 5:15,75.55,98.5475
11/24/2025 5:30,76,97.095
11/24/2025 5:45,76.45,95.6425
11/24/2025 6:00,76.9,94.19
11/24/2025 6:15,76.9,94.19
11/24/2025 6:30,76.9,94.19
11/24/2025 6:45,76.9,94.19
11/24/2025 7:00,76.9,94.19
11/24/2025 7:15,76.45,95.6425
11/24/2025 7:30,76,97.095
11/24/2025 7:45,75.55,98.5475
11/24/2025 8:00,75.1,100
11/24/2025 8:15,75.55,97.325
11/24/2025 8:30,76,94.65
11/24/2025 8:45,76.45,91.975
11/24/2025 9:00,76.9,89.3
11/24/2025 9:15,76.95,90.5225
11/24/2025 9:30,77,91.745
11/24/2025 9:45,77.05,92.9675
11/24/2025 10:00,77.1,94.19
11/24/2025 10:15,77.1,94.0275
11/24/2025 10:30,77.1,93.86500000000001
11/24/2025 10:45,77.1,93.7025
11/24/2025 11:00,77.1,93.54
11/24/2025 11:15,77.19999999999999,93.5425
11/24/2025 11:30,77.3,93.545
11/24/2025 11:45,77.4,93.5475
11/24/2025 12:00,77.5,93.55
11/24/2025 12:15,77.55,94.47749999999999
11/24/2025 12:30,77.6,95.405
11/24/2025 12:45,77.65,96.33250000000001
11/24/2025 13:00,77.7,97.26
11/24/2025 13:15,78.55,94.55000000000001
11/24/2025 13:30,79.4,91.84
11/24/2025 13:45,80.25,89.13
11/24/2025 14:00,81.1,86.42
11/24/2025 14:15,80.64999999999999,87.89
11/24/2025 14:30,80.19999999999999,89.36
11/24/2025 14:45,79.75,90.83
11/24/2025 15:00,79.3,92.3
11/24/2025 15:15,79.7,90.97999999999999
11/24/2025 15:30,80.1,89.66
11/24/2025 15:45,80.5,88.34
11/24/2025 16:00,80.9,87.02
11/24/2025 16:15,80.9,87.1725
11/24/2025 16:30,80.9,87.32499999999999
11/24/2025 16:45,80.9,87.47749999999999
11/24/2025 17:00,80.9,87.63
11/24/2025 17:15,80.85000000000001,87.6275
11/24/2025 17:30,80.80000000000001,87.625
11/24/2025 17:45,80.75,87.6225
11/24/2025 18:00,80.7,87.62
11/24/2025 18:15,80.65,86.78
11/24/2025 18:30,80.6,85.94
11/24/2025 18:45,80.55,85.10000000000001
11/24/2025 19:00,80.5,84.26
11/24/2025 19:15,80.05,86.59
11/24/2025 19:30,79.6,88.92
11/24/2025 19:45,79.15,91.25
11/24/2025 20:00,78.7,93.58
11/24/2025 20:15,78.7,93.7425
11/24/2025 20:30,78.7,93.905
11/24/2025 20:45,78.7,94.0675
11/24/2025 21:00,78.7,94.23
11/24/2025 21:15,78.65,94.23
11/24/2025 21:30,78.6,94.23
11/24/2025 21:45,78.55,94.23
11/24/2025 22:00,78.5,94.23
11/24/2025 22:15,78.5,94.23
11/24/2025 22:30,78.5,94.23
11/24/2025 22:45,78.5,94.23
11/24/2025 23:00,78.5,94.23
11/24/2025 23:15,78.5,94.23
11/24/2025 23:30,78.5,94.23
11/24/2025 23:45,78.5,94.23
11/25/2025 0:00,78.5,94.23
11/25/2025 0:15,78.5,94.23
11/25/2025 0:30,78.5,94.23
11/25/2025 0:45,78.5,94.23
11/25/2025 1:00,78.5,94.23
11/25/2025 1:15,78.1,95.5
11/25/2025 1:30,77.7,96.77000000000001
11/25/2025 1:45,77.30000000000001,98.04
11/25/2025 2:00,76.9,99.31
11/25/2025 2:15,76.9,99.4825
11/25/2025 2:30,76.9,99.655
11/25/2025 2:45,76.9,99.8275
11/25/2025 3:00,76.9,100
11/25/2025 3:15,76.9,100
11/25/2025 3:30,76.9,100
11/25/2025 3:45,76.9,100
11/25/2025 4:00,76.9,100
11/25/2025 4:15,76.9,100
11/25/2025 4:30,76.9,100
11/25/2025 4:45,76.9,100
11/25/2025 5:00,76.9,100
11/25/2025 5:15,76.9,98.7125
11/25/2025 5:30,76.9,97.425
11/25/2025 5:45,76.9,96.13749999999999
11/25/2025 6:00,76.9,94.85
11/25/2025 6:15,76.9,96.13749999999999
11/25/2025 6:30,76.9,97.425
11/25/2025 6:45,76.9,98.7125
11/25/2025 7:00,76.9,100
11/25/2025 7:15,77.30000000000001,98.72
11/25/2025 7:30,77.7,97.44
11/25/2025 7:45,78.1,96.16
11/25/2025 8:00,78.5,94.88
11/25/2025 8:15,78.95,93.52
11/25/2025 8:30,79.4,92.16
11/25/2025 8:45,79.85,90.8
11/25/2025 9:00,80.3,89.44
11/25/2025 9:15,80.8,88.025
11/25/2025 9:30,81.3,86.61
11/25/2025 9:45,81.8,85.195
11/25/2025 10:00,82.3,83.78
11/25/2025 10:15,82.75,81.58
11/25/2025 10:30,83.19999999999999,79.38
11/25/2025 10:45,83.64999999999999,77.18
11/25/2025 11:00,84.1,74.98
11/25/2025 11:15,84.55,73.6825
11/25/2025 11:30,85,72.385
11/25/2025 11:45,85.45,71.0875
11/25/2025 12:00,85.9,69.79
11/25/2025 12:15,86.25,69.1575
11/25/2025 12:30,86.6,68.525
11/25/2025 12:45,86.95,67.89250000000001
11/25/2025 13:00,87.3,67.26
11/25/2025 13:15,87.35,67.15
11/25/2025 13:30,87.4,67.03999999999999
11/25/2025 13:45,87.45,66.92999999999999
11/25/2025 14:00,87.5,66.82
11/25/2025 14:15,86.7,69.61
11/25/2025 14:30,85.9,72.4
11/25/2025 14:45,85.1,75.19
11/25/2025 15:00,84.3,77.98
11/25/2025 15:15,83.5,78.9775
11/25/2025 15:30,82.69999999999999,79.975
11/25/2025 15:45,81.89999999999999,80.9725
11/25/2025 16:00,81.1,81.97
11/25/2025 16:15,81.05,81.9675
11/25/2025 16:30,81,81.965
11/25/2025 16:45,80.95,81.96249999999999
11/25/2025 17:00,80.9,81.96
11/25/2025 17:15,81.25,80.04249999999999
11/25/2025 17:30,81.6,78.125
11/25/2025 17:45,81.95,76.20750000000001
11/25/2025 18:00,82.3,74.29
11/25/2025 18:15,82.3,74.29
11/25/2025 18:30,82.3,74.29
11/25/2025 18:45,82.3,74.29
11/25/2025 19:00,82.3,74.29
11/25/2025 19:15,82.3,74.16
11/25/2025 19:30,82.3,74.03
11/25/2025 19:45,82.3,73.9
11/25/2025 20:00,82.3,73.77
11/25/2025 20:15,82.25,73.895
11/25/2025 20:30,82.19999999999999,74.02
11/25/2025 20:45,82.14999999999999,74.145
11/25/2025 21:00,82.1,74.27
11/25/2025 21:15,82.1,74.27
11/25/2025 21:30,82.1,74.27
11/25/2025 21:45,82.1,74.27
11/25/2025 22:00,82.1,74.27
11/25/2025 22:15,82.1,74.27
11/25/2025 22:30,82.1,74.27
11/25/2025 22:45,82.1,74.27
11/25/2025 23:00,82.1,74.27
11/25/2025 23:15,81.64999999999999,75.5325
11/25/2025 23:30,81.19999999999999,76.79499999999999
11/25/2025 23:45,80.75,78.05749999999999
11/26/2025 0:00,80.3,79.32
11/26/2025 0:15,80.3,78.2825
11/26/2025 0:30,80.3,77.245
11/26/2025 0:45,80.3,76.2075
11/26/2025 1:00,80.3,75.17
11/26/2025 1:15,80.3,76.2075
11/26/2025 1:30,80.3,77.245
11/26/2025 1:45,80.3,78.2825
11/26/2025 2:00,80.3,79.32
11/26/2025 2:15,80.3,79.32
11/26/2025 2:30,80.3,79.32
11/26/2025 2:45,80.3,79.32
11/26/2025 3:00,80.3,79.32
11/26/2025 3:15,80.3,79.32
11/26/2025 3:30,80.3,79.32
11/26/2025 3:45,80.3,79.32
11/26/2025 4:00,80.3,79.32
11/26/2025 4:15,80.3,78.14999999999999
11/26/2025 4:30,80.3,76.97999999999999
11/26/2025 4:45,80.3,75.81
11/26/2025 5:00,80.3,74.64
11/26/2025 5:15,80.3,75.81
11/26/2025 5:30,80.3,76.97999999999999
11/26/2025 5:45,80.3,78.14999999999999
11/26/2025 6:00,80.3,79.32
11/26/2025 6:15,79.85,80.52499999999999
11/26/2025 6:30,79.4,81.72999999999999
11/26/2025 6:45,78.95,82.935
11/26/2025 7:00,78.5,84.14
11/26/2025 7:15,78.95,82.935
11/26/2025 7:30,79.4,81.72999999999999
11/26/2025 7:45,79.85,80.52499999999999
11/26/2025 8:00,80.3,79.32
11/26/2025 8:15,80.8,78.0625
11/26/2025 8:30,81.3,76.805
11/26/2025 8:45,81.8,75.5475
11/26/2025 9:00,82.3,74.29
11/26/2025 9:15,83.15,71.5
11/26/2025 9:30,84,68.71000000000001
11/26/2025 9:45,84.85,65.92
11/26/2025 10:00,85.7,63.13
11/26/2025 10:15,86.2,63.08
11/26/2025 10:30,86.7,63.03
11/26/2025 10:45,87.2,62.980000000000004
11/26/2025 11:00,87.7,62.93
11/26/2025 11:15,88.1,61.2775
11/26/2025 11:30,88.5,59.625
11/26/2025 11:45,88.9,57.9725
11/26/2025 12:00,89.3,56.32
11/26/2025 12:15,88.95,56.8425
11/26/2025 12:30,88.6,57.364999999999995
11/26/2025 12:45,88.25,57.887499999999996
11/26/2025 13:00,87.9,58.41
11/26/2025 13:15,88.7,57.75
11/26/2025 13:30,89.5,57.09
11/26/2025 13:45,90.3,56.43
11/26/2025 14:00,91.1,55.77
11/26/2025 14:15,91.1,55.8675
11/26/2025 14:30,91.1,55.965
11/26/2025 14:45,91.1,56.0625
11/26/2025 15:00,91.1,56.16
11/26/2025 15:15,91.05,55.515
11/26/2025 15:30,91,54.87
11/26/2025 15:45,90.95,54.224999999999994
11/26/2025 16:00,90.9,53.58
11/26/2025 16:15,90.9,53.58
11/26/2025 16:30,90.9,53.58
11/26/2025 16:45,90.9,53.58
11/26/2025 17:00,90.9,53.58
11/26/2025 17:15,90.45,55.245
11/26/2025 17:30,90,56.91
11/26/2025 17:45,89.55,58.575
11/26/2025 18:00,89.1,60.24
11/26/2025 18:15,88.64999999999999,60.29
11/26/2025 18:30,88.19999999999999,60.34
11/26/2025 18:45,87.75,60.39
11/26/2025 19:00,87.3,60.44
11/26/2025 19:15,86.85,62.215
11/26/2025 19:30,86.4,63.99
11/26/2025 19:45,85.95,65.765
11/26/2025 20:00,85.5,67.54
11/26/2025 20:15,85.5,67.54
11/26/2025 20:30,85.5,67.54
11/26/2025 20:45,85.5,67.54
11/26/2025 21:00,85.5,67.54
11/26/2025 21:15,85.45,67.535
11/26/2025 21:30,85.4,67.53
11/26/2025 21:45,85.35,67.525
11/26/2025 22:00,85.3,67.52
11/26/2025 22:15,84.9,68.53
11/26/2025 22:30,84.5,69.53999999999999
11/26/2025 22:45,84.1,70.55
11/26/2025 23:00,83.7,71.56
11/26/2025 23:15,83.65,72.665
11/26/2025 23:30,83.6,73.77000000000001
11/26/2025 23:45,83.55,74.875
11/27/2025 0:00,83.5,75.98
11/27/2025 0:15,83.1,76.985
11/27/2025 0:30,82.7,77.99000000000001
11/27/2025 0:45,82.30000000000001,78.995
11/27/2025 1:00,81.9,80
11/27/2025 1:15,81.5,81.0625
11/27/2025 1:30,81.1,82.125
11/27/2025 1:45,80.7,83.1875
11/27/2025 2:00,80.3,84.25
11/27/2025 2:15,80.3,84.25
11/27/2025 2:30,80.3,84.25
11/27/2025 2:45,80.3,84.25
11/27/2025 3:00,80.3,84.25
11/27/2025 3:15,80.3,85.3925
11/27/2025 3:30,80.3,86.535
11/27/2025 3:45,80.3,87.6775
11/27/2025 4:00,80.3,88.82
11/27/2025 4:15,79.85,90.1725
11/27/2025 4:30,79.4,91.525
11/27/2025 4:45,78.95,92.8775
11/27/2025 5:00,78.5,94.23
11/27/2025 5:15,78.5,93.015
11/27/2025 5:30,78.5,91.80000000000001
11/27/2025 5:45,78.5,90.58500000000001
11/27/2025 6:00,78.5,89.37
11/27/2025 6:15,78.15,89.1975
11/27/2025 6:30,77.8,89.025
11/27/2025 6:45,77.44999999999999,88.8525
11/27/2025 7:00,77.1,88.68
11/27/2025 7:15,77.1,89.89500000000001
11/27/2025 7:30,77.1,91.11000000000001
11/27/2025 7:45,77.1,92.325
11/27/2025 8:00,77.1,93.54
11/27/2025 8:15,77.55,92.19
11/27/2025 8:30,78,90.84
11/27/2025 8:45,78.45,89.49000000000001
11/27/2025 9:00,78.9,88.14
11/27/2025 9:15,79.80000000000001,86.765
11/27/2025 9:30,80.7,85.39
11/27/2025 9:45,81.6,84.015
11/27/2025 10:00,82.5,82.64
11/27/2025 10:15,82.9,80.595
11/27/2025 10:30,83.3,78.55
11/27/2025 10:45,83.69999999999999,76.505
11/27/2025 11:00,84.1,74.46
11/27/2025 11:15,83.02499999999999,78.28999999999999
11/27/2025 11:30,81.94999999999999,82.12
11/27/2025 11:45,80.875,85.95
11/27/2025 12:00,79.8,89.78
11/27/2025 12:15,79.8,89.78
11/27/2025 12:30,79.8,89.78
11/27/2025 12:45,79.8,89.78
11/27/2025 13:00,79.8,89.78
11/27/2025 13:15,79.175,90.72
11/27/2025 13:30,78.55,91.66
11/27/2025 13:45,77.925,92.60000000000001
11/27/2025 14:00,77.3,93.54
11/27/2025 14:15,77.65,93.55000000000001
11/27/2025 14:30,78,93.56
11/27/2025 14:45,78.35,93.57
11/27/2025 15:00,78.7,93.58
11/27/2025 15:15,77.9,93.5575
11/27/2025 15:30,77.1,93.535
11/27/2025 15:45,76.3,93.51249999999999
11/27/2025 16:00,75.5,93.49
11/27/2025 16:15,75.45,93.655
11/27/2025 16:30,75.4,93.82
11/27/2025 16:45,75.35,93.985
11/27/2025 17:00,75.3,94.15
11/27/2025 17:15,75.65,93.095
11/27/2025 17:30,76,92.04
11/27/2025 17:45,76.35,90.98500000000001
11/27/2025 18:00,76.7,89.93
11/27/2025 18:15,76.7,90.9925
11/27/2025 18:30,76.7,92.055
11/27/2025 18:45,76.7,93.1175
11/27/2025 19:00,76.7,94.18
11/27/2025 19:15,76.3,95.635
11/27/2025 19:30,75.9,97.09
11/27/2025 19:45,75.5,98.545
11/27/2025 20:00,75.1,100
11/27/2025 20:15,75.5,98.7125
11/27/2025 20:30,75.9,97.425
11/27/2025 20:45,76.3,96.13749999999999
11/27/2025 21:00,76.7,94.85
11/27/2025 21:15,76.3,95.96249999999999
11/27/2025 21:30,75.9,97.07499999999999
11/27/2025 21:45,75.5,98.1875
11/27/2025 22:00,75.1,99.3
11/27/2025 22:15,75.1,98.0125
11/27/2025 22:30,75.1,96.725
11/27/2025 22:45,75.1,95.4375
11/27/2025 23:00,75.1,94.15
11/27/2025 23:15,75.1,94.15
11/27/2025 23:30,75.1,94.15
11/27/2025 23:45,75.1,94.15
11/28/2025 0:00,75.1,94.15
11/28/2025 0:15,75.1,94.15
11/28/2025 0:30,75.1,94.15
11/28/2025 0:45,75.1,94.15
11/28/2025 1:00,75.1,94.15
11/28/2025 1:15,75.05,94.315
11/28/2025 1:30,75,94.48
11/28/2025 1:45,74.95,94.64500000000001
11/28/2025 2:00,74.9,94.81
11/28/2025 2:15,74.9,94.81
11/28/2025 2:30,74.9,94.81
11/28/2025 2:45,74.9,94.81
11/28/2025 3:00,74.9,94.81
11/28/2025 3:15,74.95,94.64500000000001
11/28/2025 3:30,75,94.48
11/28/2025 3:45,75.05,94.315
11/28/2025 4:00,75.1,94.15
11/28/2025 4:15,75.1,94.15
11/28/2025 4:30,75.1,94.15
11/28/2025 4:45,75.1,94.15
11/28/2025 5:00,75.1,94.15
11/28/2025 5:15,75.05,94.315
11/28/2025 5:30,75,94.48
11/28/2025 5:45,74.95,94.64500000000001
11/28/2025 6:00,74.9,94.81
11/28/2025 6:15,74.5,94.80250000000001
11/28/2025 6:30,74.1,94.795
11/28/2025 6:45,73.7,94.7875
11/28/2025 7:00,73.3,94.78
11/28/2025 7:15,73.3,94.61
11/28/2025 7:30,73.3,94.44
11/28/2025 7:45,73.3,94.27
11/28/2025 8:00,73.3,94.1
11/28/2025 8:15,73.3,94.1
11/28/2025 8:30,73.3,94.1
11/28/2025 8:45,73.3,94.1
11/28/2025 9:00,73.3,94.1
11/28/2025 9:15,73.3,94.1
11/28/2025 9:30,73.3,94.1
11/28/2025 9:45,73.3,94.1
11/28/2025 10:00,73.3,94.1
11/28/2025 10:15,73.3,94.1
11/28/2025 10:30,73.3,94.1
11/28/2025 10:45,73.3,94.1
11/28/2025 11:00,73.3,94.1
11/28/2025 11:15,73.75,94.1125
11/28/2025 11:30,74.19999999999999,94.125
11/28/2025 11:45,74.64999999999999,94.1375
11/28/2025 12:00,75.1,94.15
11/28/2025 12:15,75.1,94.15
11/28/2025 12:30,75.1,94.15
11/28/2025 12:45,75.1,94.15
11/28/2025 13:00,75.1,94.15
11/28/2025 13:15,75.1,94.15
11/28/2025 13:30,75.1,94.15
11/28/2025 13:45,75.1,94.15
11/28/2025 14:00,75.1,94.15
11/28/2025 14:15,75.14999999999999,93.985
11/28/2025 14:30,75.19999999999999,93.82
11/28/2025 14:45,75.25,93.655
11/28/2025 15:00,75.3,93.49
11/28/2025 15:15,75.3,93.32499999999999
11/28/2025 15:30,75.3,93.16
11/28/2025 15:45,75.3,92.995
11/28/2025 16:00,75.3,92.83
11/28/2025 16:15,75.7,91.7925
11/28/2025 16:30,76.1,90.755
11/28/2025 16:45,76.5,89.7175
11/28/2025 17:00,76.9,88.68
11/28/2025 17:15,76.9,88.52250000000001
11/28/2025 17:30,76.9,88.36500000000001
11/28/2025 17:45,76.9,88.2075
11/28/2025 18:00,76.9,88.05
11/28/2025 18:15,76.5,89.0825
11/28/2025 18:30,76.1,90.11500000000001
11/28/2025 18:45,75.7,91.14750000000001
11/28/2025 19:00,75.3,92.18
11/28/2025 19:15,75.25,91.285
11/28/2025 19:30,75.19999999999999,90.39
11/28/2025 19:45,75.14999999999999,89.495
11/28/2025 20:00,75.1,88.6
11/28/2025 20:15,75.1,89.82
11/28/2025 20:30,75.1,91.03999999999999
11/28/2025 20:45,75.1,92.26
11/28/2025 21:00,75.1,93.48
11/28/2025 21:15,75.1,93.48
11/28/2025 21:30,75.1,93.48
11/28/2025 21:45,75.1,93.48
11/28/2025 22:00,75.1,93.48
11/28/2025 22:15,75.1,93.48
11/28/2025 22:30,75.1,93.48
11/28/2025 22:45,75.1,93.48
11/28/2025 23:00,75.1,93.48
11/28/2025 23:15,75.1,93.48
11/28/2025 23:30,75.1,93.48
11/28/2025 23:45,75.1,93.48
11/29/2025 0:00,75.1,93.48
11/29/2025 0:15,75.05,93.8125
11/29/2025 0:30,75,94.14500000000001
11/29/2025 0:45,74.95,94.4775
11/29/2025 1:00,74.9,94.81
11/29/2025 1:15,74.55000000000001,95.7575
11/29/2025 1:30,74.2,96.705
11/29/2025 1:45,73.85,97.6525
11/29/2025 2:00,73.5,98.6
11/29/2025 2:15,73.45,98.77499999999999
11/29/2025 2:30,73.4,98.94999999999999
11/29/2025 2:45,73.35,99.125
11/29/2025 3:00,73.3,99.3
11/29/2025 3:15,73.3,99.3
11/29/2025 3:30,73.3,99.3
11/29/2025 3:45,73.3,99.3
11/29/2025 4:00,73.3,99.3
11/29/2025 4:15,73.3,99.3
11/29/2025 4:30,73.3,99.3
11/29/2025 4:45,73.3,99.3
11/29/2025 5:00,73.3,99.3
11/29/2025 5:15,73.3,98
11/29/2025 5:30,73.3,96.69999999999999
11/29/2025 5:45,73.3,95.39999999999999
11/29/2025 6:00,73.3,94.1
11/29/2025 6:15,73.3,94.1
11/29/2025 6:30,73.3,94.1
11/29/2025 6:45,73.3,94.1
11/29/2025 7:00,73.3,94.1
11/29/2025 7:15,73.35,95.39999999999999
11/29/2025 7:30,73.4,96.69999999999999
11/29/2025 7:45,73.45,98
11/29/2025 8:00,73.5,99.3
11/29/2025 8:15,74.35,96.645
11/29/2025 8:30,75.2,93.99000000000001
11/29/2025 8:45,76.05000000000001,91.33500000000001
11/29/2025 9:00,76.9,88.68
11/29/2025 9:15,77.4,87.11000000000001
11/29/2025 9:30,77.9,85.54
11/29/2025 9:45,78.4,83.97
11/29/2025 10:00,78.9,82.4
11/29/2025 10:15,79.75,80.3725
11/29/2025 10:30,80.6,78.345
11/29/2025 10:45,81.45,76.31750000000001
11/29/2025 11:00,82.3,74.29
11/29/2025 11:15,82.75,73.12
11/29/2025 11:30,83.19999999999999,71.95
11/29/2025 11:45,83.64999999999999,70.78
11/29/2025 12:00,84.1,69.61
11/29/2025 12:15,84.55,67.775
11/29/2025 12:30,85,65.94
11/29/2025 12:45,85.45,64.105
11/29/2025 13:00,85.9,62.27
11/29/2025 13:15,86.75,61.455
11/29/2025 13:30,87.6,60.64
11/29/2025 13:45,88.45,59.825
11/29/2025 14:00,89.3,59.01
11/29/2025 14:15,89.3,58.2375
11/29/2025 14:30,89.3,57.465
11/29/2025 14:45,89.3,56.6925
11/29/2025 15:00,89.3,55.92
11/29/2025 15:15,88.95,57.4575
11/29/2025 15:30,88.6,58.995000000000005
11/29/2025 15:45,88.25,60.5325
11/29/2025 16:00,87.9,62.07
11/29/2025 16:15,87.85000000000001,61.2525
11/29/2025 16:30,87.80000000000001,60.435
11/29/2025 16:45,87.75,59.6175
11/29/2025 17:00,87.7,58.8
11/29/2025 17:15,87.25,59.89
11/29/2025 17:30,86.80000000000001,60.98
11/29/2025 17:45,86.35000000000001,62.06999999999999
11/29/2025 18:00,85.9,63.16
11/29/2025 18:15,85.4,64.21
11/29/2025 18:30,84.9,65.25999999999999
11/29/2025 18:45,84.4,66.31
11/29/2025 19:00,83.9,67.36
11/29/2025 19:15,83.45,69.35249999999999
11/29/2025 19:30,83,71.345
11/29/2025 19:45,82.55,73.3375
11/29/2025 20:00,82.1,75.33
11/29/2025 20:15,81.64999999999999,76.4675
11/29/2025 20:30,81.19999999999999,77.60499999999999
11/29/2025 20:45,80.75,78.74249999999999
11/29/2025 21:00,80.3,79.88
11/29/2025 21:15,79.9,80.8
11/29/2025 21:30,79.5,81.72
11/29/2025 21:45,79.1,82.64
11/29/2025 22:00,78.7,83.56
11/29/2025 22:15,78.7,83.56
11/29/2025 22:30,78.7,83.56
11/29/2025 22:45,78.7,83.56
11/29/2025 23:00,78.7,83.56
11/29/2025 23:15,78.7,83.4125
11/29/2025 23:30,78.7,83.265
11/29/2025 23:45,78.7,83.1175
11/30/2025 0:00,78.7,82.97
11/30/2025 0:15,78.3,84.0875
11/30/2025 0:30,77.9,85.205
11/30/2025 0:45,77.5,86.32249999999999
11/30/2025 1:00,77.1,87.44
11/30/2025 1:15,77.05,87.75
11/30/2025 1:30,77,88.06
11/30/2025 1:45,76.95,88.37
11/30/2025 2:00,76.9,88.68
11/30/2025 2:15,76.9,88.68
11/30/2025 2:30,76.9,88.68
11/30/2025 2:45,76.9,88.68
11/30/2025 3:00,76.9,88.68
11/30/2025 3:15,76.9,88.68
11/30/2025 3:30,76.9,88.68
11/30/2025 3:45,76.9,88.68
11/30/2025 4:00,76.9,88.68
11/30/2025 4:15,76.85000000000001,88.83250000000001
11/30/2025 4:30,76.80000000000001,88.98500000000001
11/30/2025 4:45,76.75,89.1375
11/30/2025 5:00,76.7,89.29
11/30/2025 5:15,76.7,89.135
11/30/2025 5:30,76.7,88.98
11/30/2025 5:45,76.7,88.825
11/30/2025 6:00,76.7,88.67
11/30/2025 6:15,76.65,88.825
11/30/2025 6:30,76.6,88.98
11/30/2025 6:45,76.55,89.135
11/30/2025 7:00,76.5,89.29
11/30/2025 7:15,76.55,90.5125
11/30/2025 7:30,76.6,91.73500000000001
11/30/2025 7:45,76.65,92.95750000000001
11/30/2025 8:00,76.7,94.18
11/30/2025 8:15,77.6,91.55000000000001
11/30/2025 8:30,78.5,88.92
11/30/2025 8:45,79.4,86.28999999999999
11/30/2025 9:00,80.3,83.66
11/30/2025 9:15,81.25,80.395
11/30/2025 9:30,82.19999999999999,77.13
11/30/2025 9:45,83.14999999999999,73.865
11/30/2025 10:00,84.1,70.6
11/30/2025 10:15,84.94999999999999,68.7875
11/30/2025 10:30,85.8,66.975
11/30/2025 10:45,86.65,65.1625
11/30/2025 11:00,87.5,63.35
11/30/2025 11:15,87.95,60.8525
11/30/2025 11:30,88.4,58.355000000000004
11/30/2025 11:45,88.85,55.8575
11/30/2025 12:00,89.3,53.36
11/30/2025 12:15,89.75,51.96
11/30/2025 12:30,90.19999999999999,50.56
11/30/2025 12:45,90.64999999999999,49.16
11/30/2025 13:00,91.1,47.76
11/30/2025 13:15,91.1,49.1275
11/30/2025 13:30,91.1,50.495
11/30/2025 13:45,91.1,51.8625
11/30/2025 14:00,91.1,53.23
11/30/2025 14:15,91.55,52.415
11/30/2025 14:30,92,51.599999999999994
11/30/2025 14:45,92.45,50.785
11/30/2025 15:00,92.9,49.97
11/30/2025 15:15,92.45,51.5175
11/30/2025 15:30,92,53.065
11/30/2025 15:45,91.55,54.6125
11/30/2025 16:00,91.1,56.16
11/30/2025 16:15,91.1,57.0325
11/30/2025 16:30,91.1,57.905
11/30/2025 16:45,91.1,58.777499999999996
11/30/2025 17:00,91.1,59.65
11/30/2025 17:15,90.64999999999999,60.5175
11/30/2025 17:30,90.19999999999999,61.385
11/30/2025 17:45,89.75,62.2525
11/30/2025 18:00,89.3,63.12
11/30/2025 18:15,88.4,65.03
11/30/2025 18:30,87.5,66.94
11/30/2025 18:45,86.6,68.85000000000001
11/30/2025 19:00,85.7,70.76
11/30/2025 19:15,84.8,72.9325
11/30/2025 19:30,83.9,75.105
11/30/2025 19:45,83,77.2775
11/30/2025 20:00,82.1,79.45
11/30/2025 20:15,82.1,79.45
11/30/2025 20:30,82.1,79.45
11/30/2025 20:45,82.1,79.45
11/30/2025 21:00,82.1,79.45
11/30/2025 21:15,82.05,79.5875
11/30/2025 21:30,82,79.725
11/30/2025 21:45,81.95,79.8625
11/30/2025 22:00,81.9,80
11/30/2025 22:15,81.9,80
11/30/2025 22:30,81.9,80
11/30/2025 22:45,81.9,80
11/30/2025 23:00,81.9,80
11/30/2025 23:15,81.9,80
11/30/2025 23:30,81.9,80
11/30/2025 23:45,81.9,80
